{"best/epoch": 167, "best/precision": 0.9724705868620351, "best/recall": 1.0, "best/mAP_0.5": 0.9869821784646062, "best/mAP_0.5:0.95": 0.6608186576331503, "Labels": {"_type": "images/separated", "width": 1600, "height": 1600, "format": "jpg", "count": 2, "filenames": ["media/images/Labels_0_43551254dc914cb6c754.jpg", "media/images/Labels_0_2fde66e720e04180bfca.jpg"], "captions": ["labels.jpg", "labels_correlogram.jpg"]}, "train/box_loss": 0.021918809041380882, "train/obj_loss": 0.0249905027449131, "train/cls_loss": 0.0, "metrics/precision": 0.9724705868620351, "metrics/recall": 1.0, "metrics/mAP_0.5": 0.9870672002978407, "metrics/mAP_0.5:0.95": 0.6600386744042417, "val/box_loss": 0.025118403136730194, "val/obj_loss": 0.023928524926304817, "val/cls_loss": 0.0, "x/lr0": 0.0012219999999999996, "x/lr1": 0.0012219999999999996, "x/lr2": 0.0012219999999999996, "_timestamp": 1661414133, "_runtime": 594, "_step": 268, "Mosaics": {"_type": "images/separated", "width": 1920, "height": 1920, "format": "jpg", "count": 3, "filenames": ["media/images/Mosaics_1_989ea13d26d0a8f28e9f.jpg", "media/images/Mosaics_1_1bc7fd5bc05ee66d5b85.jpg", "media/images/Mosaics_1_4489d4dab0b33014586a.jpg"], "captions": ["train_batch0.jpg", "train_batch1.jpg", "train_batch2.jpg"]}, "BoundingBoxDebugger": {"_type": "images/separated", "width": 672, "height": 512, "format": "png", "count": 16, "filenames": ["media/images/BoundingBoxDebugger_239_4e3c3b6dbea488c24a97.png", "media/images/BoundingBoxDebugger_239_d797ee9289a003c68bda.png", "media/images/BoundingBoxDebugger_239_949b46cd76cb0d05b3c9.png", "media/images/BoundingBoxDebugger_239_c4093ba41656449d746e.png", "media/images/BoundingBoxDebugger_239_9c6d68bd05421f0b085e.png", "media/images/BoundingBoxDebugger_239_f5cba14482fe847bf570.png", "media/images/BoundingBoxDebugger_239_01062a1c56b95bc5527c.png", "media/images/BoundingBoxDebugger_239_2f482d7a7d05ded1c8b7.png", "media/images/BoundingBoxDebugger_239_133cbacb107c25ee2eac.png", "media/images/BoundingBoxDebugger_239_a0ec2351bca93f4e471f.png", "media/images/BoundingBoxDebugger_239_0f6ded946562868dd450.png", "media/images/BoundingBoxDebugger_239_2b4aa8fbf5970ee6ffe8.png", "media/images/BoundingBoxDebugger_239_8fc2cd69b07da571ee01.png", "media/images/BoundingBoxDebugger_239_925f793fd5b6e1ae2a1b.png", "media/images/BoundingBoxDebugger_239_cfaf6ccbb3a607ade98d.png", "media/images/BoundingBoxDebugger_239_07676437fdb3c26e3b35.png"], "captions": ["16.jpg", "84.jpg", "77.jpg", "20.jpg", "99.jpg", "82.jpg", "30.jpg", "42.jpg", "40.jpg", "74.jpg", "34.jpg", "52.jpg", "28.jpg", "46.jpg", "56.jpg", "83.jpg"], "all_boxes": [{"predictions": {"_type": "boxes2D", "sha256": "f2536177ea7bb1fcd067fd12373a046caefe823977970e92e177f4af8fdc64b6", "size": 5263, "path": "media/metadata/boxes2D/BoundingBoxDebugger_239_f2536177ea7bb1fcd067.boxes2D.json"}}, {"predictions": {"_type": "boxes2D", "sha256": "a255e7a79b4f6e801e26441bfdde5d4c23a4c2f07fa1a65d412817c753bd32f7", "size": 1731, "path": "media/metadata/boxes2D/BoundingBoxDebugger_239_a255e7a79b4f6e801e26.boxes2D.json"}}, {"predictions": {"_type": "boxes2D", "sha256": "c8873c0900e60e866097d24949ad3d8052d68286d00a82264064c94a02a7d520", "size": 1733, "path": "media/metadata/boxes2D/BoundingBoxDebugger_239_c8873c0900e60e866097.boxes2D.json"}}, {"predictions": {"_type": "boxes2D", "sha256": "286ebb80a5a45bfa460be720c89a97fccb907c460a109828e47bd54e3bc7f816", "size": 4507, "path": "media/metadata/boxes2D/BoundingBoxDebugger_239_286ebb80a5a45bfa460b.boxes2D.json"}}, {"predictions": {"_type": "boxes2D", "sha256": "5ab698fe07ab97e4e4599f801a69bcc83b57de388ae54c777cb30c465177d27f", "size": 3963, "path": "media/metadata/boxes2D/BoundingBoxDebugger_239_5ab698fe07ab97e4e459.boxes2D.json"}}, {"predictions": {"_type": "boxes2D", "sha256": "20ba35c369bb35a32c4bdad58efa3ea987d06be940d507832f2a37030e2328c8", "size": 3576, "path": "media/metadata/boxes2D/BoundingBoxDebugger_239_20ba35c369bb35a32c4b.boxes2D.json"}}, {"predictions": {"_type": "boxes2D", "sha256": "d5649acfe754c66fef9c8d2d09b1111be337584e89a46b31ee134b88e6abcd19", "size": 6979, "path": "media/metadata/boxes2D/BoundingBoxDebugger_239_d5649acfe754c66fef9c.boxes2D.json"}}, {"predictions": {"_type": "boxes2D", "sha256": "72c81b77b5b8af94457afcd21f40c9bcfc2b0b25c1a45daaab33cd9e71474943", "size": 18174, "path": "media/metadata/boxes2D/BoundingBoxDebugger_239_72c81b77b5b8af94457a.boxes2D.json"}}, {"predictions": {"_type": "boxes2D", "sha256": "b2d38bb16e73f16e292bdbc6904b674088a0903a6f69f8e41931caac35b5faec", "size": 4674, "path": "media/metadata/boxes2D/BoundingBoxDebugger_239_b2d38bb16e73f16e292b.boxes2D.json"}}, {"predictions": {"_type": "boxes2D", "sha256": "b07b80c41ee42feafb6a3b1a15c2c3dacc1742c7067161cb1b2de9a0a2e71898", "size": 4102, "path": "media/metadata/boxes2D/BoundingBoxDebugger_239_b07b80c41ee42feafb6a.boxes2D.json"}}, {"predictions": {"_type": "boxes2D", "sha256": "1bd2475e286e07cfc2c5683aa05dd42c225a427eaa9a9b0e074667b2d16a05b4", "size": 6207, "path": "media/metadata/boxes2D/BoundingBoxDebugger_239_1bd2475e286e07cfc2c5.boxes2D.json"}}, {"predictions": {"_type": "boxes2D", "sha256": "333b7827daa90d2d1cc1c3fbef9e268b8a420777f8feaec4c1aeb97c6d40bd3f", "size": 2067, "path": "media/metadata/boxes2D/BoundingBoxDebugger_239_333b7827daa90d2d1cc1.boxes2D.json"}}, {"predictions": {"_type": "boxes2D", "sha256": "e1448b055a9a0be0480c0e16c96dce5b098566736d1995afa431c8382b679fa1", "size": 7704, "path": "media/metadata/boxes2D/BoundingBoxDebugger_239_e1448b055a9a0be0480c.boxes2D.json"}}, {"predictions": {"_type": "boxes2D", "sha256": "572bd1405818daa74169aea3e97fbc63901141b7d33daeb70e1b2f695ac0fdbf", "size": 6382, "path": "media/metadata/boxes2D/BoundingBoxDebugger_239_572bd1405818daa74169.boxes2D.json"}}, {"predictions": {"_type": "boxes2D", "sha256": "1f054560cfba7446195a50adc1a7d8e435f8a8dda589872a3e65ad3f9d9442ed", "size": 4386, "path": "media/metadata/boxes2D/BoundingBoxDebugger_239_1f054560cfba7446195a.boxes2D.json"}}, {"predictions": {"_type": "boxes2D", "sha256": "d9fa41bf603909e74f86bb5f3eccaa4b50b74a935d79e7b88b8b8978331dfe69", "size": 4859, "path": "media/metadata/boxes2D/BoundingBoxDebugger_239_d9fa41bf603909e74f86.boxes2D.json"}}]}, "Validation": {"_type": "images/separated", "width": 1920, "height": 1464, "format": "jpg", "count": 4, "filenames": ["media/images/Validation_268_a96f2bf9ef3eb4bc71d1.jpg", "media/images/Validation_268_2cbf6968eba2c18ab028.jpg", "media/images/Validation_268_2854d097617305a0ea47.jpg", "media/images/Validation_268_ee0fc60de5bfa5b6a343.jpg"], "captions": ["val_batch0_labels.jpg", "val_batch0_pred.jpg", "val_batch1_labels.jpg", "val_batch1_pred.jpg"]}, "Results": {"_type": "images/separated", "width": 2400, "height": 1200, "format": "png", "count": 6, "filenames": ["media/images/Results_268_ff70a83493d3d5809e29.png", "media/images/Results_268_a5deb51b45a2f757ed6a.png", "media/images/Results_268_452c8275e386faf4a3f2.png", "media/images/Results_268_d5b1af4e42eef8381765.png", "media/images/Results_268_3a7e94ddc1f54e55df86.png", "media/images/Results_268_dfabe3ec1efe0484e63c.png"], "captions": ["results.png", "confusion_matrix.png", "F1_curve.png", "PR_curve.png", "P_curve.png", "R_curve.png"]}, "_wandb": {"runtime": 594}}