{"best/epoch": 297, "best/precision": 0.983498746526227, "best/recall": 0.9889705882352942, "best/mAP_0.5": 0.9902894976062819, "best/mAP_0.5:0.95": 0.6622100750214244, "Labels": {"_type": "images/separated", "width": 1600, "height": 1600, "format": "jpg", "count": 2, "filenames": ["media/images/Labels_0_b0eda1ebcd75213e7ced.jpg", "media/images/Labels_0_005bc170cead9869e581.jpg"], "captions": ["labels.jpg", "labels_correlogram.jpg"]}, "Mosaics": {"_type": "images/separated", "width": 1920, "height": 1920, "format": "jpg", "count": 3, "filenames": ["media/images/Mosaics_0_0de94b7047cf86623489.jpg", "media/images/Mosaics_0_cc198b9a54de48284755.jpg", "media/images/Mosaics_0_9156f2ed9a4853c4fdcc.jpg"], "captions": ["train_batch0.jpg", "train_batch1.jpg", "train_batch2.jpg"]}, "train/box_loss": 0.027641450986266136, "train/obj_loss": 0.02740984596312046, "train/cls_loss": 0.0, "metrics/precision": 0.983498746526227, "metrics/recall": 0.9889705882352942, "metrics/mAP_0.5": 0.9903033484054731, "metrics/mAP_0.5:0.95": 0.662054650709638, "val/box_loss": 0.024227827787399292, "val/obj_loss": 0.026710985228419304, "val/cls_loss": 0.0, "x/lr0": 0.00016600000000000043, "x/lr1": 0.00016600000000000043, "x/lr2": 0.00016600000000000043, "_timestamp": 1661244496, "_runtime": 1332, "_step": 300, "BoundingBoxDebugger": {"_type": "images/separated", "width": 672, "height": 512, "format": "png", "count": 16, "filenames": ["media/images/BoundingBoxDebugger_299_c324696807cf811d461f.png", "media/images/BoundingBoxDebugger_299_fde049ea41f1f581ce2b.png", "media/images/BoundingBoxDebugger_299_4a1073af0ee6feb55331.png", "media/images/BoundingBoxDebugger_299_3c2415edf8a72757654f.png", "media/images/BoundingBoxDebugger_299_0b02dd1f92c496e8e24a.png", "media/images/BoundingBoxDebugger_299_ee3de6c68793a01f6672.png", "media/images/BoundingBoxDebugger_299_ad061bd1fedcf215f822.png", "media/images/BoundingBoxDebugger_299_9660e41bcfc05e43c9fb.png", "media/images/BoundingBoxDebugger_299_3722c631b91514886502.png", "media/images/BoundingBoxDebugger_299_3d6ccf367c98a2b1a089.png", "media/images/BoundingBoxDebugger_299_d15548988fadaafeb276.png", "media/images/BoundingBoxDebugger_299_52de54f9d1ec5586ef9b.png", "media/images/BoundingBoxDebugger_299_b548efe1ae887f370e81.png", "media/images/BoundingBoxDebugger_299_dfff43e469cf3ff2d9d0.png", "media/images/BoundingBoxDebugger_299_f17f12ec9771574c35bd.png", "media/images/BoundingBoxDebugger_299_216bb2568b4f1ab0e617.png"], "captions": ["000154.jpg", "79.jpg", "000115.jpg", "000134.jpg", "25.jpg", "50.jpg", "000112.jpg", "38.jpg", "000188.jpg", "86.jpg", "91.jpg", "33.jpg", "5.jpg", "000168.jpg", "51.jpg", "41.jpg"], "all_boxes": [{"predictions": {"_type": "boxes2D", "sha256": "e1a258fc964e7567868ea09286c3ee8711cf4832bbec1769310d44348b548823", "size": 14626, "path": "media/metadata/boxes2D/BoundingBoxDebugger_299_e1a258fc964e7567868e.boxes2D.json"}}, {"predictions": {"_type": "boxes2D", "sha256": "5def1fed8b169f3be94fe6302a61ede7b4a391e3075f6dca2ab83311dc4965d0", "size": 14299, "path": "media/metadata/boxes2D/BoundingBoxDebugger_299_5def1fed8b169f3be94f.boxes2D.json"}}, {"predictions": {"_type": "boxes2D", "sha256": "da2c2b22292f6ba49e51f3dee395c3114eedf1502d16bb0ad2870ea28a45494c", "size": 12086, "path": "media/metadata/boxes2D/BoundingBoxDebugger_299_da2c2b22292f6ba49e51.boxes2D.json"}}, {"predictions": {"_type": "boxes2D", "sha256": "4d46af1b7d9c87b5121092f9be99eff454c521b5a654e0a233f4dd6b3673f11e", "size": 5498, "path": "media/metadata/boxes2D/BoundingBoxDebugger_299_4d46af1b7d9c87b51210.boxes2D.json"}}, {"predictions": {"_type": "boxes2D", "sha256": "8b16e95480b3b79f4a7222b7c65c33778a6c3a29611e6cccb77a29e06b9cad21", "size": 12572, "path": "media/metadata/boxes2D/BoundingBoxDebugger_299_8b16e95480b3b79f4a72.boxes2D.json"}}, {"predictions": {"_type": "boxes2D", "sha256": "dd798011e3a8449372a88f7daf4cc6a3ac39f78474e19cefd28ce36231867603", "size": 25441, "path": "media/metadata/boxes2D/BoundingBoxDebugger_299_dd798011e3a8449372a8.boxes2D.json"}}, {"predictions": {"_type": "boxes2D", "sha256": "ef8e39b7778882556dce2903fe486268b02610562bc07d5388516c34a836fc40", "size": 12987, "path": "media/metadata/boxes2D/BoundingBoxDebugger_299_ef8e39b7778882556dce.boxes2D.json"}}, {"predictions": {"_type": "boxes2D", "sha256": "2c64dbcf9c4e45450d45957f41593a73995a797f98ce4e6c42c9c9d0454f2c80", "size": 9783, "path": "media/metadata/boxes2D/BoundingBoxDebugger_299_2c64dbcf9c4e45450d45.boxes2D.json"}}, {"predictions": {"_type": "boxes2D", "sha256": "425307af15616275c08eb61a32a2daf32660025a3b598201a575dd0878c22b95", "size": 13557, "path": "media/metadata/boxes2D/BoundingBoxDebugger_299_425307af15616275c08e.boxes2D.json"}}, {"predictions": {"_type": "boxes2D", "sha256": "1a9240db632a3d4dd804897fddace97d94f6e3854a2ddd96cc50d26a9a58496e", "size": 11387, "path": "media/metadata/boxes2D/BoundingBoxDebugger_299_1a9240db632a3d4dd804.boxes2D.json"}}, {"predictions": {"_type": "boxes2D", "sha256": "f045e50e867dedf13a015cb4609681e7620a887297031da63fb87594438ca26e", "size": 14275, "path": "media/metadata/boxes2D/BoundingBoxDebugger_299_f045e50e867dedf13a01.boxes2D.json"}}, {"predictions": {"_type": "boxes2D", "sha256": "3a6e4328b6e0989c161ad57059037c6747241ec8812e94bebc376476f4553bf1", "size": 5289, "path": "media/metadata/boxes2D/BoundingBoxDebugger_299_3a6e4328b6e0989c161a.boxes2D.json"}}, {"predictions": {"_type": "boxes2D", "sha256": "2df5c58155f4e1861015cb3e4d905d097b77e64cc90617595680d283bf39fca9", "size": 14315, "path": "media/metadata/boxes2D/BoundingBoxDebugger_299_2df5c58155f4e1861015.boxes2D.json"}}, {"predictions": {"_type": "boxes2D", "sha256": "bc7900e285cfa1a7837de3466c327cba31400885aac7cffd5078666d3f08fab2", "size": 11911, "path": "media/metadata/boxes2D/BoundingBoxDebugger_299_bc7900e285cfa1a7837d.boxes2D.json"}}, {"predictions": {"_type": "boxes2D", "sha256": "8720de060ee2c56ab8de016aa790c28a33209180ba83553499da7838d3860121", "size": 15558, "path": "media/metadata/boxes2D/BoundingBoxDebugger_299_8720de060ee2c56ab8de.boxes2D.json"}}, {"predictions": {"_type": "boxes2D", "sha256": "f5551db78d7514ed2eb2cbd98b3bfff3f12d72538fe8787c783f799c8ad3cdd4", "size": 14216, "path": "media/metadata/boxes2D/BoundingBoxDebugger_299_f5551db78d7514ed2eb2.boxes2D.json"}}]}, "Validation": {"_type": "images/separated", "width": 1920, "height": 1464, "format": "jpg", "count": 6, "filenames": ["media/images/Validation_300_ac5332e06bdfaf3fef2d.jpg", "media/images/Validation_300_c7ce3cbbeb198d5b116f.jpg", "media/images/Validation_300_64507eb8e43e057fb6a0.jpg", "media/images/Validation_300_0b67b33b50c01152c2b3.jpg", "media/images/Validation_300_c45151e6f726f74e140d.jpg", "media/images/Validation_300_20b610b065deb3a0b32b.jpg"], "captions": ["val_batch0_labels.jpg", "val_batch0_pred.jpg", "val_batch1_labels.jpg", "val_batch1_pred.jpg", "val_batch2_labels.jpg", "val_batch2_pred.jpg"]}, "Results": {"_type": "images/separated", "width": 2400, "height": 1200, "format": "png", "count": 6, "filenames": ["media/images/Results_300_b508d2941cf82707e222.png", "media/images/Results_300_a5deb51b45a2f757ed6a.png", "media/images/Results_300_70b91fe1f0abaec2a0c1.png", "media/images/Results_300_b2465e747040a97e5c5a.png", "media/images/Results_300_61f06963aedc205e9fb0.png", "media/images/Results_300_82ac94ac86de2586db06.png"], "captions": ["results.png", "confusion_matrix.png", "F1_curve.png", "PR_curve.png", "P_curve.png", "R_curve.png"]}, "_wandb": {"runtime": 1332}}