{"best/epoch": 183, "best/precision": 0.968075713873644, "best/recall": 0.9924812030075187, "best/mAP_0.5": 0.9876946041574524, "best/mAP_0.5:0.95": 0.6570703469878117, "Labels": {"_type": "images/separated", "width": 1600, "height": 1600, "format": "jpg", "count": 2, "filenames": ["media/images/Labels_0_43551254dc914cb6c754.jpg", "media/images/Labels_0_2fde66e720e04180bfca.jpg"], "captions": ["labels.jpg", "labels_correlogram.jpg"]}, "Mosaics": {"_type": "images/separated", "width": 1280, "height": 1280, "format": "jpg", "count": 3, "filenames": ["media/images/Mosaics_0_bc73fde20094f9eb56e8.jpg", "media/images/Mosaics_0_b463e027ae0b9e772aaa.jpg", "media/images/Mosaics_0_2c740e2414aa96aec502.jpg"], "captions": ["train_batch0.jpg", "train_batch1.jpg", "train_batch2.jpg"]}, "train/box_loss": 0.05051513388752937, "train/obj_loss": 0.041046060621738434, "train/cls_loss": 0.0, "metrics/precision": 0.9680503321978632, "metrics/recall": 0.9924812030075187, "metrics/mAP_0.5": 0.9876946041574524, "metrics/mAP_0.5:0.95": 0.6570495352399033, "val/box_loss": 0.04829039052128792, "val/obj_loss": 0.046392444521188736, "val/cls_loss": 0.0, "x/lr0": 0.0006940000000000005, "x/lr1": 0.0006940000000000005, "x/lr2": 0.0006940000000000005, "_timestamp": 1660320494, "_runtime": 965, "_step": 284, "BoundingBoxDebugger": {"_type": "images/separated", "width": 672, "height": 512, "format": "png", "count": 16, "filenames": ["media/images/BoundingBoxDebugger_269_60aa55b8003437d46e19.png", "media/images/BoundingBoxDebugger_269_d797ee9289a003c68bda.png", "media/images/BoundingBoxDebugger_269_949b46cd76cb0d05b3c9.png", "media/images/BoundingBoxDebugger_269_c4093ba41656449d746e.png", "media/images/BoundingBoxDebugger_269_dec377e55e7366925765.png", "media/images/BoundingBoxDebugger_269_f5cba14482fe847bf570.png", "media/images/BoundingBoxDebugger_269_01062a1c56b95bc5527c.png", "media/images/BoundingBoxDebugger_269_2f482d7a7d05ded1c8b7.png", "media/images/BoundingBoxDebugger_269_50b5ee84f8b1a26c1d8c.png", "media/images/BoundingBoxDebugger_269_a0ec2351bca93f4e471f.png", "media/images/BoundingBoxDebugger_269_0f6ded946562868dd450.png", "media/images/BoundingBoxDebugger_269_2b4aa8fbf5970ee6ffe8.png", "media/images/BoundingBoxDebugger_269_69c249db612dc16f5e94.png", "media/images/BoundingBoxDebugger_269_925f793fd5b6e1ae2a1b.png", "media/images/BoundingBoxDebugger_269_cfaf6ccbb3a607ade98d.png", "media/images/BoundingBoxDebugger_269_1c7300e83f84c9a058df.png"], "captions": ["16.jpg", "84.jpg", "77.jpg", "20.jpg", "99.jpg", "82.jpg", "30.jpg", "42.jpg", "40.jpg", "74.jpg", "34.jpg", "52.jpg", "28.jpg", "46.jpg", "56.jpg", "83.jpg"], "all_boxes": [{"predictions": {"_type": "boxes2D", "sha256": "2b7db3ed77ed48609fc6081fdf6717f234182b1647f6275a46de6f9f516b8db1", "size": 70037, "path": "media/metadata/boxes2D/BoundingBoxDebugger_269_2b7db3ed77ed48609fc6.boxes2D.json"}}, {"predictions": {"_type": "boxes2D", "sha256": "2a08fadac0cdf09b882500ba4351a962ad2cfa8fa7294a9a81e21cccc909f0c2", "size": 70010, "path": "media/metadata/boxes2D/BoundingBoxDebugger_269_2a08fadac0cdf09b8825.boxes2D.json"}}, {"predictions": {"_type": "boxes2D", "sha256": "6ee8f27e5effec2526a27f12958e0e3c41fe58f7d29827d5be16fa4fb59934cb", "size": 70016, "path": "media/metadata/boxes2D/BoundingBoxDebugger_269_6ee8f27e5effec2526a2.boxes2D.json"}}, {"predictions": {"_type": "boxes2D", "sha256": "7901671cb6dadb574091c89c8ec30f12e4f41d48aa6d4e928b0b341f5b352cdb", "size": 70062, "path": "media/metadata/boxes2D/BoundingBoxDebugger_269_7901671cb6dadb574091.boxes2D.json"}}, {"predictions": {"_type": "boxes2D", "sha256": "34ddeef1c66042751fea5587e732516657cc5567dce743b0bae30a2afeb690fb", "size": 70174, "path": "media/metadata/boxes2D/BoundingBoxDebugger_269_34ddeef1c66042751fea.boxes2D.json"}}, {"predictions": {"_type": "boxes2D", "sha256": "8741a127bb76d797698135916c63e25bf354460c465184b1488431a8f00e5fd7", "size": 69969, "path": "media/metadata/boxes2D/BoundingBoxDebugger_269_8741a127bb76d7976981.boxes2D.json"}}, {"predictions": {"_type": "boxes2D", "sha256": "c6307dbd4faa5be772406ee116df6de950554d23110457c6ff4482531a5a99d3", "size": 70059, "path": "media/metadata/boxes2D/BoundingBoxDebugger_269_c6307dbd4faa5be77240.boxes2D.json"}}, {"predictions": {"_type": "boxes2D", "sha256": "dcd78f1984e6887afbd32524749d5be5916ba6de44ff61eb30ea2416a9186b57", "size": 69968, "path": "media/metadata/boxes2D/BoundingBoxDebugger_269_dcd78f1984e6887afbd3.boxes2D.json"}}, {"predictions": {"_type": "boxes2D", "sha256": "ed0f463124c74d9b65d6a7f9b48d6452ea0e174037e4652321a9e1a676727c54", "size": 70061, "path": "media/metadata/boxes2D/BoundingBoxDebugger_269_ed0f463124c74d9b65d6.boxes2D.json"}}, {"predictions": {"_type": "boxes2D", "sha256": "886d921b92a82075f41910f4809786902f2f16c5c6920da231b441d5b379cb45", "size": 70119, "path": "media/metadata/boxes2D/BoundingBoxDebugger_269_886d921b92a82075f419.boxes2D.json"}}, {"predictions": {"_type": "boxes2D", "sha256": "53fafe05e1bd215000a943349fbaee5ca42edc105e9639447e34262b0524657c", "size": 70083, "path": "media/metadata/boxes2D/BoundingBoxDebugger_269_53fafe05e1bd215000a9.boxes2D.json"}}, {"predictions": {"_type": "boxes2D", "sha256": "e1c3040189c10e2d78d0babb3fd300e00ddcbea51718830b44d41e615e21254d", "size": 70022, "path": "media/metadata/boxes2D/BoundingBoxDebugger_269_e1c3040189c10e2d78d0.boxes2D.json"}}, {"predictions": {"_type": "boxes2D", "sha256": "d5f844b78fc510ada5b2064334eba19f42239d0e72b6ee7631148f4171cd0aba", "size": 70056, "path": "media/metadata/boxes2D/BoundingBoxDebugger_269_d5f844b78fc510ada5b2.boxes2D.json"}}, {"predictions": {"_type": "boxes2D", "sha256": "e2b6184f243e7b7002bc1a0dedebcc00deca8bb979e9b35e316a5315d19aea2c", "size": 69970, "path": "media/metadata/boxes2D/BoundingBoxDebugger_269_e2b6184f243e7b7002bc.boxes2D.json"}}, {"predictions": {"_type": "boxes2D", "sha256": "8dec9e9abe69570e35c59e3b702e2a67b85536b3b148d169c742365253957857", "size": 69967, "path": "media/metadata/boxes2D/BoundingBoxDebugger_269_8dec9e9abe69570e35c5.boxes2D.json"}}, {"predictions": {"_type": "boxes2D", "sha256": "f3def1f664fe1e6f3d7d7cdf94bb9fa6568def20c727d2a3ddc9fce34d87488a", "size": 70052, "path": "media/metadata/boxes2D/BoundingBoxDebugger_269_f3def1f664fe1e6f3d7d.boxes2D.json"}}]}, "Validation": {"_type": "images/separated", "width": 1920, "height": 1464, "format": "jpg", "count": 6, "filenames": ["media/images/Validation_284_70ad38d0cbd3d513bcf2.jpg", "media/images/Validation_284_119013fd2476bd123118.jpg", "media/images/Validation_284_42e25a84a7d2b638e9cb.jpg", "media/images/Validation_284_824a2240cf426a8d3511.jpg", "media/images/Validation_284_947425dbc477a6e1e707.jpg", "media/images/Validation_284_2d853db808a7677ecd2b.jpg"], "captions": ["val_batch0_labels.jpg", "val_batch0_pred.jpg", "val_batch1_labels.jpg", "val_batch1_pred.jpg", "val_batch2_labels.jpg", "val_batch2_pred.jpg"]}, "Results": {"_type": "images/separated", "width": 2400, "height": 1200, "format": "png", "count": 6, "filenames": ["media/images/Results_284_ba34c2e45fe2b3e76faf.png", "media/images/Results_284_a5deb51b45a2f757ed6a.png", "media/images/Results_284_2b064ee0d652cd16608a.png", "media/images/Results_284_0f521abcea74b157ece7.png", "media/images/Results_284_df83aad18c39cf90fd7b.png", "media/images/Results_284_82d65ef7f4a2f097e980.png"], "captions": ["results.png", "confusion_matrix.png", "F1_curve.png", "PR_curve.png", "P_curve.png", "R_curve.png"]}, "_wandb": {"runtime": 956}}