{"best/epoch": 282, "best/precision": 0.9779280952358834, "best/recall": 0.9993980664932854, "best/mAP_0.5": 0.9839983124397297, "best/mAP_0.5:0.95": 0.6621163362585875, "Labels": {"_type": "images/separated", "width": 1600, "height": 1600, "format": "jpg", "count": 2, "filenames": ["media/images/Labels_0_43551254dc914cb6c754.jpg", "media/images/Labels_0_2fde66e720e04180bfca.jpg"], "captions": ["labels.jpg", "labels_correlogram.jpg"]}, "train/box_loss": 0.023778507485985756, "train/obj_loss": 0.027880236506462097, "train/cls_loss": 0.0, "metrics/precision": 0.9779304257391099, "metrics/recall": 0.9995053046868633, "metrics/mAP_0.5": 0.9838343780135002, "metrics/mAP_0.5:0.95": 0.6602300637408909, "val/box_loss": 0.023746464401483536, "val/obj_loss": 0.023655861616134644, "val/cls_loss": 0.0, "x/lr0": 0.00016600000000000043, "x/lr1": 0.00016600000000000043, "x/lr2": 0.00016600000000000043, "_timestamp": 1659667856, "_runtime": 703, "_step": 300, "Mosaics": {"_type": "images/separated", "width": 1920, "height": 1920, "format": "jpg", "count": 3, "filenames": ["media/images/Mosaics_1_8d3a1c3b2d7f8ba3fc0f.jpg", "media/images/Mosaics_1_03096f31724476a7270e.jpg", "media/images/Mosaics_1_14602caaee785ec9a072.jpg"], "captions": ["train_batch0.jpg", "train_batch1.jpg", "train_batch2.jpg"]}, "BoundingBoxDebugger": {"_type": "images/separated", "width": 672, "height": 512, "format": "png", "count": 16, "filenames": ["media/images/BoundingBoxDebugger_299_4e3c3b6dbea488c24a97.png", "media/images/BoundingBoxDebugger_299_d797ee9289a003c68bda.png", "media/images/BoundingBoxDebugger_299_949b46cd76cb0d05b3c9.png", "media/images/BoundingBoxDebugger_299_c4093ba41656449d746e.png", "media/images/BoundingBoxDebugger_299_9c6d68bd05421f0b085e.png", "media/images/BoundingBoxDebugger_299_f5cba14482fe847bf570.png", "media/images/BoundingBoxDebugger_299_01062a1c56b95bc5527c.png", "media/images/BoundingBoxDebugger_299_2f482d7a7d05ded1c8b7.png", "media/images/BoundingBoxDebugger_299_133cbacb107c25ee2eac.png", "media/images/BoundingBoxDebugger_299_a0ec2351bca93f4e471f.png", "media/images/BoundingBoxDebugger_299_0f6ded946562868dd450.png", "media/images/BoundingBoxDebugger_299_2b4aa8fbf5970ee6ffe8.png", "media/images/BoundingBoxDebugger_299_8fc2cd69b07da571ee01.png", "media/images/BoundingBoxDebugger_299_925f793fd5b6e1ae2a1b.png", "media/images/BoundingBoxDebugger_299_cfaf6ccbb3a607ade98d.png", "media/images/BoundingBoxDebugger_299_07676437fdb3c26e3b35.png"], "captions": ["16.jpg", "84.jpg", "77.jpg", "20.jpg", "99.jpg", "82.jpg", "30.jpg", "42.jpg", "40.jpg", "74.jpg", "34.jpg", "52.jpg", "28.jpg", "46.jpg", "56.jpg", "83.jpg"], "all_boxes": [{"predictions": {"_type": "boxes2D", "sha256": "ba9cea66bc5f21beb8fab3411c8ce472fb8727651f927f7758db3f02c67ae3d3", "size": 12791, "path": "media/metadata/boxes2D/BoundingBoxDebugger_299_ba9cea66bc5f21beb8fa.boxes2D.json"}}, {"predictions": {"_type": "boxes2D", "sha256": "3112fa21f7d1943fc7490a50a05d58e39498db6a4ad2ece21b3056b91f19897d", "size": 10390, "path": "media/metadata/boxes2D/BoundingBoxDebugger_299_3112fa21f7d1943fc749.boxes2D.json"}}, {"predictions": {"_type": "boxes2D", "sha256": "07b2a724eaabb1261e11acc5336374ea2c1ad4ef034c487320a1edd35cf80e38", "size": 13608, "path": "media/metadata/boxes2D/BoundingBoxDebugger_299_07b2a724eaabb1261e11.boxes2D.json"}}, {"predictions": {"_type": "boxes2D", "sha256": "3c12d6923248e68c47e29d2e73d33f13068d8249bc2c09fdded27a261b009140", "size": 9349, "path": "media/metadata/boxes2D/BoundingBoxDebugger_299_3c12d6923248e68c47e2.boxes2D.json"}}, {"predictions": {"_type": "boxes2D", "sha256": "2400f3376b3ad8b833a98135ab393e4077cc6f47171e6f6cb5ab7d1baee0ce21", "size": 8319, "path": "media/metadata/boxes2D/BoundingBoxDebugger_299_2400f3376b3ad8b833a9.boxes2D.json"}}, {"predictions": {"_type": "boxes2D", "sha256": "91fa9c2fe2997b81109a4dc8a8b2a559f75ae08415c50b1822e7d500ff95b548", "size": 13175, "path": "media/metadata/boxes2D/BoundingBoxDebugger_299_91fa9c2fe2997b81109a.boxes2D.json"}}, {"predictions": {"_type": "boxes2D", "sha256": "fa3daa223c2eedf172091e1aa5b658403c6c24933d0aa21027272702f48e8d83", "size": 12399, "path": "media/metadata/boxes2D/BoundingBoxDebugger_299_fa3daa223c2eedf17209.boxes2D.json"}}, {"predictions": {"_type": "boxes2D", "sha256": "029fbe2a5d43ce7d831395a5f10503c4d8b10bd90bfcbaa9237064416f0ce305", "size": 17033, "path": "media/metadata/boxes2D/BoundingBoxDebugger_299_029fbe2a5d43ce7d8313.boxes2D.json"}}, {"predictions": {"_type": "boxes2D", "sha256": "1c3a10ed617bbbbe5310a612c5938be03c97c886fadc9f2499275e9d08dfcef9", "size": 25064, "path": "media/metadata/boxes2D/BoundingBoxDebugger_299_1c3a10ed617bbbbe5310.boxes2D.json"}}, {"predictions": {"_type": "boxes2D", "sha256": "337c900c3d731341fdab2f5dd26548cd57b4a743d3f1c1ca972de27d323d7655", "size": 32309, "path": "media/metadata/boxes2D/BoundingBoxDebugger_299_337c900c3d731341fdab.boxes2D.json"}}, {"predictions": {"_type": "boxes2D", "sha256": "d5cdd12a7d49b0e1e167cf978d073ce3b7be44794bcb4cc7ad547d65ea81c30c", "size": 9830, "path": "media/metadata/boxes2D/BoundingBoxDebugger_299_d5cdd12a7d49b0e1e167.boxes2D.json"}}, {"predictions": {"_type": "boxes2D", "sha256": "55454231cf86f04808f12472f4e4c327a6f46bcb5f99024d1ebd8d7b46d3a987", "size": 11328, "path": "media/metadata/boxes2D/BoundingBoxDebugger_299_55454231cf86f04808f1.boxes2D.json"}}, {"predictions": {"_type": "boxes2D", "sha256": "b8269f3c7ff909afec0f65a041d009fa664696adb78f510aaa28ac5203ed5baa", "size": 12044, "path": "media/metadata/boxes2D/BoundingBoxDebugger_299_b8269f3c7ff909afec0f.boxes2D.json"}}, {"predictions": {"_type": "boxes2D", "sha256": "19b61f71a00fba809cba5eb6dfdf4a13481bc2734459bc0036c90b65b9fbd18a", "size": 11251, "path": "media/metadata/boxes2D/BoundingBoxDebugger_299_19b61f71a00fba809cba.boxes2D.json"}}, {"predictions": {"_type": "boxes2D", "sha256": "13a4e477ddb15b64a4373b11a4a6960ca0b546bb89988f965021ea8aec5e80f8", "size": 14961, "path": "media/metadata/boxes2D/BoundingBoxDebugger_299_13a4e477ddb15b64a437.boxes2D.json"}}, {"predictions": {"_type": "boxes2D", "sha256": "01730ab659758aa12cf3bec873e42379fab194f3d6d32b7e4d9c980ee67bcc43", "size": 12433, "path": "media/metadata/boxes2D/BoundingBoxDebugger_299_01730ab659758aa12cf3.boxes2D.json"}}]}, "Validation": {"_type": "images/separated", "width": 1920, "height": 1464, "format": "jpg", "count": 4, "filenames": ["media/images/Validation_300_a96f2bf9ef3eb4bc71d1.jpg", "media/images/Validation_300_800d2e3a2fd4a43a6951.jpg", "media/images/Validation_300_2854d097617305a0ea47.jpg", "media/images/Validation_300_c4859aea67de9648cdd5.jpg"], "captions": ["val_batch0_labels.jpg", "val_batch0_pred.jpg", "val_batch1_labels.jpg", "val_batch1_pred.jpg"]}, "Results": {"_type": "images/separated", "width": 2400, "height": 1200, "format": "png", "count": 6, "filenames": ["media/images/Results_300_159652b4e685f27c1f54.png", "media/images/Results_300_a5deb51b45a2f757ed6a.png", "media/images/Results_300_aa7e5c2b3b4472370c76.png", "media/images/Results_300_406e11ede595bc6ddd8d.png", "media/images/Results_300_5bd91a702bf0ce097923.png", "media/images/Results_300_53099127f2066b2061e0.png"], "captions": ["results.png", "confusion_matrix.png", "F1_curve.png", "PR_curve.png", "P_curve.png", "R_curve.png"]}, "_wandb": {"runtime": 703}}