{"best/epoch": 284, "best/precision": 0.97780628165212, "best/recall": 0.9718661939250175, "best/mAP_0.5": 0.9921992324468049, "best/mAP_0.5:0.95": 0.647237191015178, "Labels": {"_type": "images/separated", "width": 1600, "height": 1600, "format": "jpg", "count": 2, "filenames": ["media/images/Labels_0_b0eda1ebcd75213e7ced.jpg", "media/images/Labels_0_005bc170cead9869e581.jpg"], "captions": ["labels.jpg", "labels_correlogram.jpg"]}, "Mosaics": {"_type": "images/separated", "width": 1920, "height": 1920, "format": "jpg", "count": 3, "filenames": ["media/images/Mosaics_0_a3652818b869e9ab89a2.jpg", "media/images/Mosaics_0_e6c4830be3c02161c66b.jpg", "media/images/Mosaics_0_382d7567ed129142086a.jpg"], "captions": ["train_batch0.jpg", "train_batch1.jpg", "train_batch2.jpg"]}, "train/box_loss": 0.02645009197294712, "train/obj_loss": 0.029805710539221764, "train/cls_loss": 0.0, "metrics/precision": 0.9778016932178474, "metrics/recall": 0.9716604734987088, "metrics/mAP_0.5": 0.9922455267306561, "metrics/mAP_0.5:0.95": 0.6472041857514578, "val/box_loss": 0.025202298536896706, "val/obj_loss": 0.028025006875395775, "val/cls_loss": 0.0, "x/lr0": 0.00016600000000000043, "x/lr1": 0.00016600000000000043, "x/lr2": 0.00016600000000000043, "_timestamp": 1661255165, "_runtime": 1443, "_step": 300, "BoundingBoxDebugger": {"_type": "images/separated", "width": 672, "height": 512, "format": "png", "count": 16, "filenames": ["media/images/BoundingBoxDebugger_299_c324696807cf811d461f.png", "media/images/BoundingBoxDebugger_299_fde049ea41f1f581ce2b.png", "media/images/BoundingBoxDebugger_299_4a1073af0ee6feb55331.png", "media/images/BoundingBoxDebugger_299_3c2415edf8a72757654f.png", "media/images/BoundingBoxDebugger_299_0b02dd1f92c496e8e24a.png", "media/images/BoundingBoxDebugger_299_ee3de6c68793a01f6672.png", "media/images/BoundingBoxDebugger_299_ad061bd1fedcf215f822.png", "media/images/BoundingBoxDebugger_299_9660e41bcfc05e43c9fb.png", "media/images/BoundingBoxDebugger_299_3722c631b91514886502.png", "media/images/BoundingBoxDebugger_299_3d6ccf367c98a2b1a089.png", "media/images/BoundingBoxDebugger_299_d15548988fadaafeb276.png", "media/images/BoundingBoxDebugger_299_52de54f9d1ec5586ef9b.png", "media/images/BoundingBoxDebugger_299_b548efe1ae887f370e81.png", "media/images/BoundingBoxDebugger_299_dfff43e469cf3ff2d9d0.png", "media/images/BoundingBoxDebugger_299_f17f12ec9771574c35bd.png", "media/images/BoundingBoxDebugger_299_216bb2568b4f1ab0e617.png"], "captions": ["000154.jpg", "79.jpg", "000115.jpg", "000134.jpg", "25.jpg", "50.jpg", "000112.jpg", "38.jpg", "000188.jpg", "86.jpg", "91.jpg", "33.jpg", "5.jpg", "000168.jpg", "51.jpg", "41.jpg"], "all_boxes": [{"predictions": {"_type": "boxes2D", "sha256": "1b2376de1f4d982b6e4fa04c02219308f16cb302f333c5ca130bab555cd93587", "size": 31195, "path": "media/metadata/boxes2D/BoundingBoxDebugger_299_1b2376de1f4d982b6e4f.boxes2D.json"}}, {"predictions": {"_type": "boxes2D", "sha256": "e29194472dff3357ee9ffae34d33f4ca4a6ca595e45ef0d978475a2b2ab5df96", "size": 29795, "path": "media/metadata/boxes2D/BoundingBoxDebugger_299_e29194472dff3357ee9f.boxes2D.json"}}, {"predictions": {"_type": "boxes2D", "sha256": "77502894213d3e3eebc9723b3d41de96d8251d5fee3b6ac8ab66ade38656d9ec", "size": 32696, "path": "media/metadata/boxes2D/BoundingBoxDebugger_299_77502894213d3e3eebc9.boxes2D.json"}}, {"predictions": {"_type": "boxes2D", "sha256": "88095e7f51ab20697628b394502979f134def99e358bef0ec5e4effc7d72aee7", "size": 17776, "path": "media/metadata/boxes2D/BoundingBoxDebugger_299_88095e7f51ab20697628.boxes2D.json"}}, {"predictions": {"_type": "boxes2D", "sha256": "53d0b7d75e31a08bd396c91597d6df45680598bdef57d105e02875599fc2d87a", "size": 46587, "path": "media/metadata/boxes2D/BoundingBoxDebugger_299_53d0b7d75e31a08bd396.boxes2D.json"}}, {"predictions": {"_type": "boxes2D", "sha256": "d1d9f45a9d8d09b3a8c5116e2733ed9c108ee22155827a1963bd600243046e77", "size": 49117, "path": "media/metadata/boxes2D/BoundingBoxDebugger_299_d1d9f45a9d8d09b3a8c5.boxes2D.json"}}, {"predictions": {"_type": "boxes2D", "sha256": "00f1754f59f85110c61f739fbfba4def12d2e4d563125cb757c1252de7d3a6b7", "size": 47009, "path": "media/metadata/boxes2D/BoundingBoxDebugger_299_00f1754f59f85110c61f.boxes2D.json"}}, {"predictions": {"_type": "boxes2D", "sha256": "e864b925063e9a96084dfc99492c1455717d4f2f97e6910d4b769b86c28bb528", "size": 21859, "path": "media/metadata/boxes2D/BoundingBoxDebugger_299_e864b925063e9a96084d.boxes2D.json"}}, {"predictions": {"_type": "boxes2D", "sha256": "ec16bd6cf4640780d20b0fdf6b76599668a5ee60cd85039060840160e3e6edca", "size": 31277, "path": "media/metadata/boxes2D/BoundingBoxDebugger_299_ec16bd6cf4640780d20b.boxes2D.json"}}, {"predictions": {"_type": "boxes2D", "sha256": "daddc2e8c0e8d064b2578da8acf8e41c2319640b99119cf09d69ac7f587e1e5e", "size": 32283, "path": "media/metadata/boxes2D/BoundingBoxDebugger_299_daddc2e8c0e8d064b257.boxes2D.json"}}, {"predictions": {"_type": "boxes2D", "sha256": "799938e6aa0107a873328ab2217ec6dcdeed3e898ec6db11601c905267f23540", "size": 31590, "path": "media/metadata/boxes2D/BoundingBoxDebugger_299_799938e6aa0107a87332.boxes2D.json"}}, {"predictions": {"_type": "boxes2D", "sha256": "2e7033ff709d02c506a665affe2416e2c82c42273c4c8f90815aec02fcf4c4d4", "size": 18733, "path": "media/metadata/boxes2D/BoundingBoxDebugger_299_2e7033ff709d02c506a6.boxes2D.json"}}, {"predictions": {"_type": "boxes2D", "sha256": "1fb0fd4f86feacb8638746efcb23741321fe2d17fb9afbd5cdedf6bf61c33ab4", "size": 21481, "path": "media/metadata/boxes2D/BoundingBoxDebugger_299_1fb0fd4f86feacb86387.boxes2D.json"}}, {"predictions": {"_type": "boxes2D", "sha256": "cd3c6027f6dd4730d672ef65ccca79cdc69866abe6c4f84a3736ea2568139711", "size": 24321, "path": "media/metadata/boxes2D/BoundingBoxDebugger_299_cd3c6027f6dd4730d672.boxes2D.json"}}, {"predictions": {"_type": "boxes2D", "sha256": "1605d3186a3c58f414049ad73ef42d5c87ff8ac535e503699f628106a21cc9a0", "size": 35537, "path": "media/metadata/boxes2D/BoundingBoxDebugger_299_1605d3186a3c58f41404.boxes2D.json"}}, {"predictions": {"_type": "boxes2D", "sha256": "0761a06bc9c57ad7f47048d3d1a273aac1bc6dc1f9b309c38ef5ef760f6ae834", "size": 29337, "path": "media/metadata/boxes2D/BoundingBoxDebugger_299_0761a06bc9c57ad7f470.boxes2D.json"}}]}, "Validation": {"_type": "images/separated", "width": 1920, "height": 1464, "format": "jpg", "count": 6, "filenames": ["media/images/Validation_300_ac5332e06bdfaf3fef2d.jpg", "media/images/Validation_300_3d9c755c19cf05df2970.jpg", "media/images/Validation_300_64507eb8e43e057fb6a0.jpg", "media/images/Validation_300_c0b5a74b98cca2a6f439.jpg", "media/images/Validation_300_c45151e6f726f74e140d.jpg", "media/images/Validation_300_4fe2a4d2c6946082ada7.jpg"], "captions": ["val_batch0_labels.jpg", "val_batch0_pred.jpg", "val_batch1_labels.jpg", "val_batch1_pred.jpg", "val_batch2_labels.jpg", "val_batch2_pred.jpg"]}, "Results": {"_type": "images/separated", "width": 2400, "height": 1200, "format": "png", "count": 6, "filenames": ["media/images/Results_300_0690ed0f634fe1671b71.png", "media/images/Results_300_a5deb51b45a2f757ed6a.png", "media/images/Results_300_5a4ac1b7284699f47b5f.png", "media/images/Results_300_e375e995585c7d5b3173.png", "media/images/Results_300_70799519088ba8599d97.png", "media/images/Results_300_ed939795c68f20d121a9.png"], "captions": ["results.png", "confusion_matrix.png", "F1_curve.png", "PR_curve.png", "P_curve.png", "R_curve.png"]}, "_wandb": {"runtime": 1443}}