{"best/epoch": 273, "best/precision": 0.9775850314711391, "best/recall": 0.9837604783925811, "best/mAP_0.5": 0.9897308102345416, "best/mAP_0.5:0.95": 0.6545138120728542, "Labels": {"_type": "images/separated", "width": 1600, "height": 1600, "format": "jpg", "count": 2, "filenames": ["media/images/Labels_0_43551254dc914cb6c754.jpg", "media/images/Labels_0_2fde66e720e04180bfca.jpg"], "captions": ["labels.jpg", "labels_correlogram.jpg"]}, "train/box_loss": 0.028489122167229652, "train/obj_loss": 0.03069361113011837, "train/cls_loss": 0.0, "metrics/precision": 0.9775851646831557, "metrics/recall": 0.9837664285293258, "metrics/mAP_0.5": 0.9896795679985166, "metrics/mAP_0.5:0.95": 0.6582839010451239, "val/box_loss": 0.02452433854341507, "val/obj_loss": 0.027975894510746002, "val/cls_loss": 0.0, "x/lr0": 0.00016600000000000043, "x/lr1": 0.00016600000000000043, "x/lr2": 0.00016600000000000043, "_timestamp": 1661225365, "_runtime": 983, "_step": 300, "Mosaics": {"_type": "images/separated", "width": 1920, "height": 1920, "format": "jpg", "count": 3, "filenames": ["media/images/Mosaics_1_004c6d46711d6756df90.jpg", "media/images/Mosaics_1_63c9c2da6855b9035bbf.jpg", "media/images/Mosaics_1_23e7518d041538ae8a23.jpg"], "captions": ["train_batch0.jpg", "train_batch1.jpg", "train_batch2.jpg"]}, "BoundingBoxDebugger": {"_type": "images/separated", "width": 672, "height": 512, "format": "png", "count": 16, "filenames": ["media/images/BoundingBoxDebugger_299_4e3c3b6dbea488c24a97.png", "media/images/BoundingBoxDebugger_299_d797ee9289a003c68bda.png", "media/images/BoundingBoxDebugger_299_949b46cd76cb0d05b3c9.png", "media/images/BoundingBoxDebugger_299_c4093ba41656449d746e.png", "media/images/BoundingBoxDebugger_299_9c6d68bd05421f0b085e.png", "media/images/BoundingBoxDebugger_299_f5cba14482fe847bf570.png", "media/images/BoundingBoxDebugger_299_01062a1c56b95bc5527c.png", "media/images/BoundingBoxDebugger_299_2f482d7a7d05ded1c8b7.png", "media/images/BoundingBoxDebugger_299_133cbacb107c25ee2eac.png", "media/images/BoundingBoxDebugger_299_a0ec2351bca93f4e471f.png", "media/images/BoundingBoxDebugger_299_0f6ded946562868dd450.png", "media/images/BoundingBoxDebugger_299_2b4aa8fbf5970ee6ffe8.png", "media/images/BoundingBoxDebugger_299_8fc2cd69b07da571ee01.png", "media/images/BoundingBoxDebugger_299_925f793fd5b6e1ae2a1b.png", "media/images/BoundingBoxDebugger_299_cfaf6ccbb3a607ade98d.png", "media/images/BoundingBoxDebugger_299_07676437fdb3c26e3b35.png"], "captions": ["16.jpg", "84.jpg", "77.jpg", "20.jpg", "99.jpg", "82.jpg", "30.jpg", "42.jpg", "40.jpg", "74.jpg", "34.jpg", "52.jpg", "28.jpg", "46.jpg", "56.jpg", "83.jpg"], "all_boxes": [{"predictions": {"_type": "boxes2D", "sha256": "7a68755e91f57cb25761b1dbadd689e0384d1cacce3d0e9864f567e920253b40", "size": 27715, "path": "media/metadata/boxes2D/BoundingBoxDebugger_299_7a68755e91f57cb25761.boxes2D.json"}}, {"predictions": {"_type": "boxes2D", "sha256": "3d110688a2964bd0448d85bdf2130734643e3d4f52c8816c454d2107b816549b", "size": 39597, "path": "media/metadata/boxes2D/BoundingBoxDebugger_299_3d110688a2964bd0448d.boxes2D.json"}}, {"predictions": {"_type": "boxes2D", "sha256": "f93a9c7a42ea58963b75f71fd8d58e7cc788c28db8835b1981fddf829c0fc457", "size": 29387, "path": "media/metadata/boxes2D/BoundingBoxDebugger_299_f93a9c7a42ea58963b75.boxes2D.json"}}, {"predictions": {"_type": "boxes2D", "sha256": "7ff5484306a39d23a87dd7244db765505c9799dd1009f3be5a3542c48c9c6e53", "size": 37157, "path": "media/metadata/boxes2D/BoundingBoxDebugger_299_7ff5484306a39d23a87d.boxes2D.json"}}, {"predictions": {"_type": "boxes2D", "sha256": "3c648ccfbee6ff96366084da26c6f10ea43ee94aa1881c9cda724a9af1d806e7", "size": 25754, "path": "media/metadata/boxes2D/BoundingBoxDebugger_299_3c648ccfbee6ff963660.boxes2D.json"}}, {"predictions": {"_type": "boxes2D", "sha256": "551f2448e354bf3c81432e3bbda793bcaa2e25ae306d3ac9163a24423e477404", "size": 24876, "path": "media/metadata/boxes2D/BoundingBoxDebugger_299_551f2448e354bf3c8143.boxes2D.json"}}, {"predictions": {"_type": "boxes2D", "sha256": "8d874751b0bb78c103a54be3b715626f4efe9dbae3ea2b0f2308d7cfb211578a", "size": 56559, "path": "media/metadata/boxes2D/BoundingBoxDebugger_299_8d874751b0bb78c103a5.boxes2D.json"}}, {"predictions": {"_type": "boxes2D", "sha256": "1a5566b8466fac61c7943f7b3f2b807ffb01567ebb18b06a2496c60b3215283f", "size": 43966, "path": "media/metadata/boxes2D/BoundingBoxDebugger_299_1a5566b8466fac61c794.boxes2D.json"}}, {"predictions": {"_type": "boxes2D", "sha256": "0cef7ce900ec58c0375f8353d42417101a6c0274e6f1e498de7a9281aa7589a2", "size": 30815, "path": "media/metadata/boxes2D/BoundingBoxDebugger_299_0cef7ce900ec58c0375f.boxes2D.json"}}, {"predictions": {"_type": "boxes2D", "sha256": "6a82b2e7ae7275508c68392b02017e9f4426597446a217cca657baff770e230e", "size": 40512, "path": "media/metadata/boxes2D/BoundingBoxDebugger_299_6a82b2e7ae7275508c68.boxes2D.json"}}, {"predictions": {"_type": "boxes2D", "sha256": "e8152d2d81a5da21923e5f66e9c68dd36f2e81452ebcd55a71d4960efd9cd576", "size": 35618, "path": "media/metadata/boxes2D/BoundingBoxDebugger_299_e8152d2d81a5da21923e.boxes2D.json"}}, {"predictions": {"_type": "boxes2D", "sha256": "f9dd79ce3047daa90700417f3f15c21ae853c652617445a5d55e9cb966c90539", "size": 30131, "path": "media/metadata/boxes2D/BoundingBoxDebugger_299_f9dd79ce3047daa90700.boxes2D.json"}}, {"predictions": {"_type": "boxes2D", "sha256": "630ad310d19649725f3c1a9185fc81aa582d32f7fcf8472518639ce59f0fc0c4", "size": 32744, "path": "media/metadata/boxes2D/BoundingBoxDebugger_299_630ad310d19649725f3c.boxes2D.json"}}, {"predictions": {"_type": "boxes2D", "sha256": "f93903beb871384a575e14bf15e09d229f0173b0fc1f3f2a362b6a64f7b655f1", "size": 47508, "path": "media/metadata/boxes2D/BoundingBoxDebugger_299_f93903beb871384a575e.boxes2D.json"}}, {"predictions": {"_type": "boxes2D", "sha256": "a472eca89d27e33212a557ec99b7fa724bbee36b670ff169909d0255d838e2d6", "size": 31082, "path": "media/metadata/boxes2D/BoundingBoxDebugger_299_a472eca89d27e33212a5.boxes2D.json"}}, {"predictions": {"_type": "boxes2D", "sha256": "575af6f8fef8d639e23abc7c7ab2ab26397348c517d6bbaa7b9bbf9a7fe49a43", "size": 27489, "path": "media/metadata/boxes2D/BoundingBoxDebugger_299_575af6f8fef8d639e23a.boxes2D.json"}}]}, "Validation": {"_type": "images/separated", "width": 1920, "height": 1464, "format": "jpg", "count": 4, "filenames": ["media/images/Validation_300_a96f2bf9ef3eb4bc71d1.jpg", "media/images/Validation_300_34d51b23208498e706ff.jpg", "media/images/Validation_300_2854d097617305a0ea47.jpg", "media/images/Validation_300_726115e160af412446ac.jpg"], "captions": ["val_batch0_labels.jpg", "val_batch0_pred.jpg", "val_batch1_labels.jpg", "val_batch1_pred.jpg"]}, "Results": {"_type": "images/separated", "width": 2400, "height": 1200, "format": "png", "count": 6, "filenames": ["media/images/Results_300_57c240302aac1a6cd503.png", "media/images/Results_300_c000f07bbaf119f196b5.png", "media/images/Results_300_f3247464b3b56976bfe7.png", "media/images/Results_300_20de6d40324f1ec7ff7b.png", "media/images/Results_300_0d3f6610ab88422ae7ef.png", "media/images/Results_300_ed166fce89b09e412fa3.png"], "captions": ["results.png", "confusion_matrix.png", "F1_curve.png", "PR_curve.png", "P_curve.png", "R_curve.png"]}, "_wandb": {"runtime": 983}}