{"best/epoch": 169, "best/precision": 0.9728705852950654, "best/recall": 1.0, "best/mAP_0.5": 0.9774372654722266, "best/mAP_0.5:0.95": 0.6618939302759875, "Labels": {"_type": "images/separated", "width": 1600, "height": 1600, "format": "jpg", "count": 2, "filenames": ["media/images/Labels_0_43551254dc914cb6c754.jpg", "media/images/Labels_0_2fde66e720e04180bfca.jpg"], "captions": ["labels.jpg", "labels_correlogram.jpg"]}, "train/box_loss": 0.022867539897561073, "train/obj_loss": 0.027189692482352257, "train/cls_loss": 0.0, "metrics/precision": 0.9727479097021092, "metrics/recall": 1.0, "metrics/mAP_0.5": 0.9776573666849916, "metrics/mAP_0.5:0.95": 0.662598272907134, "val/box_loss": 0.02507568895816803, "val/obj_loss": 0.025415316224098206, "val/cls_loss": 0.0, "x/lr0": 0.0011560000000000001, "x/lr1": 0.0011560000000000001, "x/lr2": 0.0011560000000000001, "_timestamp": 1659595994, "_runtime": 598, "_step": 270, "Mosaics": {"_type": "images/separated", "width": 1920, "height": 1920, "format": "jpg", "count": 3, "filenames": ["media/images/Mosaics_1_790e226f8029f88def04.jpg", "media/images/Mosaics_1_faf0a8f06509a39abc95.jpg", "media/images/Mosaics_1_3eb41782e2a636003760.jpg"], "captions": ["train_batch0.jpg", "train_batch1.jpg", "train_batch2.jpg"]}, "BoundingBoxDebugger": {"_type": "images/separated", "width": 672, "height": 512, "format": "png", "count": 16, "filenames": ["media/images/BoundingBoxDebugger_269_4e3c3b6dbea488c24a97.png", "media/images/BoundingBoxDebugger_269_d797ee9289a003c68bda.png", "media/images/BoundingBoxDebugger_269_949b46cd76cb0d05b3c9.png", "media/images/BoundingBoxDebugger_269_c4093ba41656449d746e.png", "media/images/BoundingBoxDebugger_269_9c6d68bd05421f0b085e.png", "media/images/BoundingBoxDebugger_269_f5cba14482fe847bf570.png", "media/images/BoundingBoxDebugger_269_01062a1c56b95bc5527c.png", "media/images/BoundingBoxDebugger_269_2f482d7a7d05ded1c8b7.png", "media/images/BoundingBoxDebugger_269_133cbacb107c25ee2eac.png", "media/images/BoundingBoxDebugger_269_a0ec2351bca93f4e471f.png", "media/images/BoundingBoxDebugger_269_0f6ded946562868dd450.png", "media/images/BoundingBoxDebugger_269_2b4aa8fbf5970ee6ffe8.png", "media/images/BoundingBoxDebugger_269_8fc2cd69b07da571ee01.png", "media/images/BoundingBoxDebugger_269_925f793fd5b6e1ae2a1b.png", "media/images/BoundingBoxDebugger_269_cfaf6ccbb3a607ade98d.png", "media/images/BoundingBoxDebugger_269_07676437fdb3c26e3b35.png"], "captions": ["16.jpg", "84.jpg", "77.jpg", "20.jpg", "99.jpg", "82.jpg", "30.jpg", "42.jpg", "40.jpg", "74.jpg", "34.jpg", "52.jpg", "28.jpg", "46.jpg", "56.jpg", "83.jpg"], "all_boxes": [{"predictions": {"_type": "boxes2D", "sha256": "2c6b35fb47697ec41ca843fb7706fef8efeee17486938ae795bfa6a5d9b420db", "size": 21061, "path": "media/metadata/boxes2D/BoundingBoxDebugger_269_2c6b35fb47697ec41ca8.boxes2D.json"}}, {"predictions": {"_type": "boxes2D", "sha256": "8b1087732c7c4eb28a7fe61e13220034ae2e94096ec65c0dbb910ea6b683e402", "size": 9107, "path": "media/metadata/boxes2D/BoundingBoxDebugger_269_8b1087732c7c4eb28a7f.boxes2D.json"}}, {"predictions": {"_type": "boxes2D", "sha256": "cc9b991618f63895465aa9ef122bdac3f704069272091873504cf94f557aae18", "size": 16872, "path": "media/metadata/boxes2D/BoundingBoxDebugger_269_cc9b991618f63895465a.boxes2D.json"}}, {"predictions": {"_type": "boxes2D", "sha256": "43e3425f58c332521b1bfd547a0e5d78d5284e3f4950d27d4d1d782f767d1255", "size": 11159, "path": "media/metadata/boxes2D/BoundingBoxDebugger_269_43e3425f58c332521b1b.boxes2D.json"}}, {"predictions": {"_type": "boxes2D", "sha256": "f4e3c3deb06fc84c780bbffcf9b854b8e41c2d0f7a7b667b1ab7292b4aba021f", "size": 9350, "path": "media/metadata/boxes2D/BoundingBoxDebugger_269_f4e3c3deb06fc84c780b.boxes2D.json"}}, {"predictions": {"_type": "boxes2D", "sha256": "6fa6b6834c2fc583b8e8ef67fc473ce562b4b002f47ad8e5e20e7d253c266d73", "size": 9645, "path": "media/metadata/boxes2D/BoundingBoxDebugger_269_6fa6b6834c2fc583b8e8.boxes2D.json"}}, {"predictions": {"_type": "boxes2D", "sha256": "b46332e559a78b6fe60f7b9cb1efdbc2f23e0e94dd3274762bc4dabf2d134578", "size": 11557, "path": "media/metadata/boxes2D/BoundingBoxDebugger_269_b46332e559a78b6fe60f.boxes2D.json"}}, {"predictions": {"_type": "boxes2D", "sha256": "08b90ca4597fa59790a3d464291537493be142400a1b0ecea1870b1669c48b7d", "size": 26575, "path": "media/metadata/boxes2D/BoundingBoxDebugger_269_08b90ca4597fa59790a3.boxes2D.json"}}, {"predictions": {"_type": "boxes2D", "sha256": "e4b0c5ded293f4c9e1f6ea6f2c04d1f3902d2a659ac4197300f1d5d1e8fe1283", "size": 14538, "path": "media/metadata/boxes2D/BoundingBoxDebugger_269_e4b0c5ded293f4c9e1f6.boxes2D.json"}}, {"predictions": {"_type": "boxes2D", "sha256": "03c6a72fa453b4363f17860f48f534399aa7b0fcd4f41d495f87b50edf126e8e", "size": 12273, "path": "media/metadata/boxes2D/BoundingBoxDebugger_269_03c6a72fa453b4363f17.boxes2D.json"}}, {"predictions": {"_type": "boxes2D", "sha256": "302131487da5e03ccc0d05f9c2e503d6f6d4adc91b6729869524c53299228dea", "size": 17393, "path": "media/metadata/boxes2D/BoundingBoxDebugger_269_302131487da5e03ccc0d.boxes2D.json"}}, {"predictions": {"_type": "boxes2D", "sha256": "de15f3a716fd6d75eaf6d2c3758543b81e956a7895584979122e2f30888c9d93", "size": 10253, "path": "media/metadata/boxes2D/BoundingBoxDebugger_269_de15f3a716fd6d75eaf6.boxes2D.json"}}, {"predictions": {"_type": "boxes2D", "sha256": "a5afd45cb29587dccbcebeb993a612159fe2fe7691c48fc3eb18e28b1d39d4a9", "size": 22500, "path": "media/metadata/boxes2D/BoundingBoxDebugger_269_a5afd45cb29587dccbce.boxes2D.json"}}, {"predictions": {"_type": "boxes2D", "sha256": "3ae0e370279dcd4b6f9a7618523cb77620fe814bbb1844091cdf5ff809071c95", "size": 20933, "path": "media/metadata/boxes2D/BoundingBoxDebugger_269_3ae0e370279dcd4b6f9a.boxes2D.json"}}, {"predictions": {"_type": "boxes2D", "sha256": "6f6c5dfe3f7978b598ccc4d01b71c530cff2707b87641c7e4f81f1758b1c7cf5", "size": 16690, "path": "media/metadata/boxes2D/BoundingBoxDebugger_269_6f6c5dfe3f7978b598cc.boxes2D.json"}}, {"predictions": {"_type": "boxes2D", "sha256": "2d473f2fad616899f1616f0541d808b5439d8f508b67d349d4fb8a198ad0c961", "size": 16472, "path": "media/metadata/boxes2D/BoundingBoxDebugger_269_2d473f2fad616899f161.boxes2D.json"}}]}, "Validation": {"_type": "images/separated", "width": 1920, "height": 1464, "format": "jpg", "count": 4, "filenames": ["media/images/Validation_270_a96f2bf9ef3eb4bc71d1.jpg", "media/images/Validation_270_1c82183744152427ad6b.jpg", "media/images/Validation_270_2854d097617305a0ea47.jpg", "media/images/Validation_270_a33707cb4fda2217462b.jpg"], "captions": ["val_batch0_labels.jpg", "val_batch0_pred.jpg", "val_batch1_labels.jpg", "val_batch1_pred.jpg"]}, "Results": {"_type": "images/separated", "width": 2400, "height": 1200, "format": "png", "count": 6, "filenames": ["media/images/Results_270_df79256a27f4972bf6e7.png", "media/images/Results_270_a5deb51b45a2f757ed6a.png", "media/images/Results_270_a7afe400ea58cbcada78.png", "media/images/Results_270_5d58fa9ef3f61424dc5e.png", "media/images/Results_270_292c580a10440e536fc4.png", "media/images/Results_270_c7a5947f988b6bfe21ba.png"], "captions": ["results.png", "confusion_matrix.png", "F1_curve.png", "PR_curve.png", "P_curve.png", "R_curve.png"]}, "_wandb": {"runtime": 599}}