{"best/epoch": 137, "best/precision": 0.963694633707781, "best/recall": 1.0, "best/mAP_0.5": 0.9846151002454877, "best/mAP_0.5:0.95": 0.6504530778277873, "Labels": {"_type": "images/separated", "width": 1600, "height": 1600, "format": "jpg", "count": 2, "filenames": ["media/images/Labels_0_43551254dc914cb6c754.jpg", "media/images/Labels_0_2fde66e720e04180bfca.jpg"], "captions": ["labels.jpg", "labels_correlogram.jpg"]}, "train/box_loss": 0.022973177954554558, "train/obj_loss": 0.02417907677590847, "train/cls_loss": 0.0, "metrics/precision": 0.9636945698934221, "metrics/recall": 1.0, "metrics/mAP_0.5": 0.9846151002454877, "metrics/mAP_0.5:0.95": 0.6520827111948424, "val/box_loss": 0.027241725474596024, "val/obj_loss": 0.024974152445793152, "val/cls_loss": 0.0, "x/lr0": 0.0022120000000000004, "x/lr1": 0.0022120000000000004, "x/lr2": 0.0022120000000000004, "_timestamp": 1659527539, "_runtime": 527, "_step": 238, "Mosaics": {"_type": "images/separated", "width": 1920, "height": 1920, "format": "jpg", "count": 3, "filenames": ["media/images/Mosaics_1_989ea13d26d0a8f28e9f.jpg", "media/images/Mosaics_1_1bc7fd5bc05ee66d5b85.jpg", "media/images/Mosaics_1_4489d4dab0b33014586a.jpg"], "captions": ["train_batch0.jpg", "train_batch1.jpg", "train_batch2.jpg"]}, "BoundingBoxDebugger": {"_type": "images/separated", "width": 672, "height": 512, "format": "png", "count": 16, "filenames": ["media/images/BoundingBoxDebugger_209_4e3c3b6dbea488c24a97.png", "media/images/BoundingBoxDebugger_209_d797ee9289a003c68bda.png", "media/images/BoundingBoxDebugger_209_949b46cd76cb0d05b3c9.png", "media/images/BoundingBoxDebugger_209_c4093ba41656449d746e.png", "media/images/BoundingBoxDebugger_209_9c6d68bd05421f0b085e.png", "media/images/BoundingBoxDebugger_209_f5cba14482fe847bf570.png", "media/images/BoundingBoxDebugger_209_01062a1c56b95bc5527c.png", "media/images/BoundingBoxDebugger_209_2f482d7a7d05ded1c8b7.png", "media/images/BoundingBoxDebugger_209_133cbacb107c25ee2eac.png", "media/images/BoundingBoxDebugger_209_a0ec2351bca93f4e471f.png", "media/images/BoundingBoxDebugger_209_0f6ded946562868dd450.png", "media/images/BoundingBoxDebugger_209_2b4aa8fbf5970ee6ffe8.png", "media/images/BoundingBoxDebugger_209_8fc2cd69b07da571ee01.png", "media/images/BoundingBoxDebugger_209_925f793fd5b6e1ae2a1b.png", "media/images/BoundingBoxDebugger_209_cfaf6ccbb3a607ade98d.png", "media/images/BoundingBoxDebugger_209_07676437fdb3c26e3b35.png"], "captions": ["16.jpg", "84.jpg", "77.jpg", "20.jpg", "99.jpg", "82.jpg", "30.jpg", "42.jpg", "40.jpg", "74.jpg", "34.jpg", "52.jpg", "28.jpg", "46.jpg", "56.jpg", "83.jpg"], "all_boxes": [{"predictions": {"_type": "boxes2D", "sha256": "a50491d04155fc668ca4f987b4de4acd12576d999086c918256ea7e7ef4459ca", "size": 6433, "path": "media/metadata/boxes2D/BoundingBoxDebugger_209_a50491d04155fc668ca4.boxes2D.json"}}, {"predictions": {"_type": "boxes2D", "sha256": "f2c2153e32c603256e5b82e8e15810c4aec80e6063dd72070f5bdb6756932640", "size": 4567, "path": "media/metadata/boxes2D/BoundingBoxDebugger_209_f2c2153e32c603256e5b.boxes2D.json"}}, {"predictions": {"_type": "boxes2D", "sha256": "46d0688364a5adfc48bdd1c4995e4bff50dcdcf2602613ca45355867472f4198", "size": 7326, "path": "media/metadata/boxes2D/BoundingBoxDebugger_209_46d0688364a5adfc48bd.boxes2D.json"}}, {"predictions": {"_type": "boxes2D", "sha256": "503bacbb6805a6d5c3369170812c14fe5c5f1395007ffe1a0ff18de502147de9", "size": 6012, "path": "media/metadata/boxes2D/BoundingBoxDebugger_209_503bacbb6805a6d5c336.boxes2D.json"}}, {"predictions": {"_type": "boxes2D", "sha256": "ab3620e65ee8dfc8e9b316ad69dc0c0b380de8a9576a1de9c0d59b3d8489358d", "size": 11218, "path": "media/metadata/boxes2D/BoundingBoxDebugger_209_ab3620e65ee8dfc8e9b3.boxes2D.json"}}, {"predictions": {"_type": "boxes2D", "sha256": "31892a6783d3685fd6096c7c6dbd8253f944f65de5e3de447e949dab6df83f95", "size": 4541, "path": "media/metadata/boxes2D/BoundingBoxDebugger_209_31892a6783d3685fd609.boxes2D.json"}}, {"predictions": {"_type": "boxes2D", "sha256": "9b0014d79329fff26d0f3adebb0d754f27cf478923417ddb81d8f1753dadb554", "size": 6346, "path": "media/metadata/boxes2D/BoundingBoxDebugger_209_9b0014d79329fff26d0f.boxes2D.json"}}, {"predictions": {"_type": "boxes2D", "sha256": "4dcd4a13afc6a6a0fe1c48e69c645dce6e4aa1a6dc3e49f5960be1793ef1ee00", "size": 21353, "path": "media/metadata/boxes2D/BoundingBoxDebugger_209_4dcd4a13afc6a6a0fe1c.boxes2D.json"}}, {"predictions": {"_type": "boxes2D", "sha256": "0b10b0e1e6663c5b6f5d6697f64e98ce4575f0a4e07ceb23072a6d1525617bce", "size": 8649, "path": "media/metadata/boxes2D/BoundingBoxDebugger_209_0b10b0e1e6663c5b6f5d.boxes2D.json"}}, {"predictions": {"_type": "boxes2D", "sha256": "73a199634efef64d7e8f7e224720e65a8b7e0ef1a8313b617f17337bb8e61808", "size": 8060, "path": "media/metadata/boxes2D/BoundingBoxDebugger_209_73a199634efef64d7e8f.boxes2D.json"}}, {"predictions": {"_type": "boxes2D", "sha256": "de3e5e8fb4b79ad103853962994fbf636feb45040be2caba375d0cd68e0df1a7", "size": 8816, "path": "media/metadata/boxes2D/BoundingBoxDebugger_209_de3e5e8fb4b79ad10385.boxes2D.json"}}, {"predictions": {"_type": "boxes2D", "sha256": "c321b03a7a55b680605cfcaefab4050b6c35ffcd49173326377c47d987b6229d", "size": 5472, "path": "media/metadata/boxes2D/BoundingBoxDebugger_209_c321b03a7a55b680605c.boxes2D.json"}}, {"predictions": {"_type": "boxes2D", "sha256": "e216e0b8448dee810ac52890b559baa78753913ff1cfd92c6eac8e9b5d1783a4", "size": 7674, "path": "media/metadata/boxes2D/BoundingBoxDebugger_209_e216e0b8448dee810ac5.boxes2D.json"}}, {"predictions": {"_type": "boxes2D", "sha256": "67f8be705237bcb0848869937b44e7eb7913aaa3b19aadfac142c5c580be1d5e", "size": 10318, "path": "media/metadata/boxes2D/BoundingBoxDebugger_209_67f8be705237bcb08488.boxes2D.json"}}, {"predictions": {"_type": "boxes2D", "sha256": "dccfa443a9a0ab51b89cc256be708e8d296baac3c6fae6a59cde77219388cb81", "size": 4546, "path": "media/metadata/boxes2D/BoundingBoxDebugger_209_dccfa443a9a0ab51b89c.boxes2D.json"}}, {"predictions": {"_type": "boxes2D", "sha256": "7bc19d7438b73c0740ae35c1ed03177dc7a8e58484eb4872681109be3b24fb23", "size": 6006, "path": "media/metadata/boxes2D/BoundingBoxDebugger_209_7bc19d7438b73c0740ae.boxes2D.json"}}]}, "Validation": {"_type": "images/separated", "width": 1920, "height": 1464, "format": "jpg", "count": 4, "filenames": ["media/images/Validation_238_a96f2bf9ef3eb4bc71d1.jpg", "media/images/Validation_238_2ef14ed48e2453c73e66.jpg", "media/images/Validation_238_2854d097617305a0ea47.jpg", "media/images/Validation_238_8825befd15023ea35dc8.jpg"], "captions": ["val_batch0_labels.jpg", "val_batch0_pred.jpg", "val_batch1_labels.jpg", "val_batch1_pred.jpg"]}, "Results": {"_type": "images/separated", "width": 2400, "height": 1200, "format": "png", "count": 6, "filenames": ["media/images/Results_238_d078f81b905e798cbede.png", "media/images/Results_238_a5deb51b45a2f757ed6a.png", "media/images/Results_238_75466b597846ce520e02.png", "media/images/Results_238_2efd7ead6348008de843.png", "media/images/Results_238_547510b3fbc8e99fab5f.png", "media/images/Results_238_5c6c3b6b167edcaaa991.png"], "captions": ["results.png", "confusion_matrix.png", "F1_curve.png", "PR_curve.png", "P_curve.png", "R_curve.png"]}, "_wandb": {"runtime": 527}}