{"best/epoch": 0, "best/precision": 0.00025, "best/recall": 0.011029411764705883, "best/mAP_0.5": 0.00012921367315279865, "best/mAP_0.5:0.95": 3.059909067325204e-05, "Labels": {"_type": "images/separated", "width": 1600, "height": 1600, "format": "jpg", "count": 2, "filenames": ["media/images/Labels_0_b0eda1ebcd75213e7ced.jpg", "media/images/Labels_0_005bc170cead9869e581.jpg"], "captions": ["labels.jpg", "labels_correlogram.jpg"]}, "Mosaics": {"_type": "images/separated", "width": 1920, "height": 1920, "format": "jpg", "count": 3, "filenames": ["media/images/Mosaics_0_a3652818b869e9ab89a2.jpg", "media/images/Mosaics_0_e6c4830be3c02161c66b.jpg", "media/images/Mosaics_0_382d7567ed129142086a.jpg"], "captions": ["train_batch0.jpg", "train_batch1.jpg", "train_batch2.jpg"]}, "train/box_loss": 0.11384224891662598, "train/obj_loss": 0.07835277169942856, "train/cls_loss": 0.0, "metrics/precision": 0.00025, "metrics/recall": 0.011029411764705883, "metrics/mAP_0.5": 0.00012921367315279865, "metrics/mAP_0.5:0.95": 3.059909067325204e-05, "val/box_loss": 0.10958351939916611, "val/obj_loss": 0.07513412088155746, "val/cls_loss": 0.0, "x/lr0": 0.0829, "x/lr1": 0.0019, "x/lr2": 0.0019, "_timestamp": 1661253543, "_runtime": 18, "_step": 0}