{"best/epoch": 292, "best/precision": 0.9499281783524067, "best/recall": 0.9984987655615839, "best/mAP_0.5": 0.9843168564803396, "best/mAP_0.5:0.95": 0.6323722742616932, "Labels": {"_type": "images/separated", "width": 1600, "height": 1600, "format": "jpg", "count": 2, "filenames": ["media/images/Labels_0_43551254dc914cb6c754.jpg", "media/images/Labels_0_2fde66e720e04180bfca.jpg"], "captions": ["labels.jpg", "labels_correlogram.jpg"]}, "train/box_loss": 0.030842209234833717, "train/obj_loss": 0.03467574343085289, "train/cls_loss": 0.0, "metrics/precision": 0.9499256462211471, "metrics/recall": 0.9984458383066844, "metrics/mAP_0.5": 0.9842233985364144, "metrics/mAP_0.5:0.95": 0.6321516169699212, "val/box_loss": 0.026201438158750534, "val/obj_loss": 0.027750756591558456, "val/cls_loss": 0.0, "x/lr0": 0.00016600000000000043, "x/lr1": 0.00016600000000000043, "x/lr2": 0.00016600000000000043, "_timestamp": 1660199982, "_runtime": 734, "_step": 300, "Mosaics": {"_type": "images/separated", "width": 1920, "height": 1920, "format": "jpg", "count": 3, "filenames": ["media/images/Mosaics_1_b92bbeb94db75cc6c701.jpg", "media/images/Mosaics_1_467965d3ec08f53cb4bb.jpg", "media/images/Mosaics_1_c41fb6df579701aef29b.jpg"], "captions": ["train_batch0.jpg", "train_batch1.jpg", "train_batch2.jpg"]}, "BoundingBoxDebugger": {"_type": "images/separated", "width": 672, "height": 512, "format": "png", "count": 16, "filenames": ["media/images/BoundingBoxDebugger_299_4e3c3b6dbea488c24a97.png", "media/images/BoundingBoxDebugger_299_d797ee9289a003c68bda.png", "media/images/BoundingBoxDebugger_299_949b46cd76cb0d05b3c9.png", "media/images/BoundingBoxDebugger_299_c4093ba41656449d746e.png", "media/images/BoundingBoxDebugger_299_9c6d68bd05421f0b085e.png", "media/images/BoundingBoxDebugger_299_f5cba14482fe847bf570.png", "media/images/BoundingBoxDebugger_299_01062a1c56b95bc5527c.png", "media/images/BoundingBoxDebugger_299_2f482d7a7d05ded1c8b7.png", "media/images/BoundingBoxDebugger_299_133cbacb107c25ee2eac.png", "media/images/BoundingBoxDebugger_299_a0ec2351bca93f4e471f.png", "media/images/BoundingBoxDebugger_299_0f6ded946562868dd450.png", "media/images/BoundingBoxDebugger_299_2b4aa8fbf5970ee6ffe8.png", "media/images/BoundingBoxDebugger_299_8fc2cd69b07da571ee01.png", "media/images/BoundingBoxDebugger_299_925f793fd5b6e1ae2a1b.png", "media/images/BoundingBoxDebugger_299_cfaf6ccbb3a607ade98d.png", "media/images/BoundingBoxDebugger_299_07676437fdb3c26e3b35.png"], "captions": ["16.jpg", "84.jpg", "77.jpg", "20.jpg", "99.jpg", "82.jpg", "30.jpg", "42.jpg", "40.jpg", "74.jpg", "34.jpg", "52.jpg", "28.jpg", "46.jpg", "56.jpg", "83.jpg"], "all_boxes": [{"predictions": {"_type": "boxes2D", "sha256": "de7f2a90dea5c285f75fadf1b0b448c0852d8e0ea0b11ef26348f6e926102bd4", "size": 47444, "path": "media/metadata/boxes2D/BoundingBoxDebugger_299_de7f2a90dea5c285f75f.boxes2D.json"}}, {"predictions": {"_type": "boxes2D", "sha256": "d94da8be931017408f036e51f03d78f1c2428c63872a93599da3dff4ed47e8e3", "size": 43457, "path": "media/metadata/boxes2D/BoundingBoxDebugger_299_d94da8be931017408f03.boxes2D.json"}}, {"predictions": {"_type": "boxes2D", "sha256": "a072a557572dc95ff5c7dfdc730cfcd71a431b28610df80834e42a5d21f7e682", "size": 50687, "path": "media/metadata/boxes2D/BoundingBoxDebugger_299_a072a557572dc95ff5c7.boxes2D.json"}}, {"predictions": {"_type": "boxes2D", "sha256": "08546b2642d03bac4531f88a9fc5b3158059f1bfae4b03b14d0f681cb03ca568", "size": 56244, "path": "media/metadata/boxes2D/BoundingBoxDebugger_299_08546b2642d03bac4531.boxes2D.json"}}, {"predictions": {"_type": "boxes2D", "sha256": "7bd111591338c0d21e4d5664a160ac916c96e21868c4d7545b8a867b674bfb26", "size": 40981, "path": "media/metadata/boxes2D/BoundingBoxDebugger_299_7bd111591338c0d21e4d.boxes2D.json"}}, {"predictions": {"_type": "boxes2D", "sha256": "ea748e79f5e289d1bcb2f50e1651fd23676fe270c0c3bf1f1fe6e665cb38d1cc", "size": 39698, "path": "media/metadata/boxes2D/BoundingBoxDebugger_299_ea748e79f5e289d1bcb2.boxes2D.json"}}, {"predictions": {"_type": "boxes2D", "sha256": "cec3179e16133228a456282fe548b479e7f154041345a55434cd51c63f5b2e74", "size": 56558, "path": "media/metadata/boxes2D/BoundingBoxDebugger_299_cec3179e16133228a456.boxes2D.json"}}, {"predictions": {"_type": "boxes2D", "sha256": "15f98515c2730d5c2f5f529cc21f24581272d2394f80cc8afe038dc8d079987b", "size": 49146, "path": "media/metadata/boxes2D/BoundingBoxDebugger_299_15f98515c2730d5c2f5f.boxes2D.json"}}, {"predictions": {"_type": "boxes2D", "sha256": "881c6644f4cdb9f9524dec78de0f40dc47bb85f1a4243fb8033716487dbd113f", "size": 37013, "path": "media/metadata/boxes2D/BoundingBoxDebugger_299_881c6644f4cdb9f9524d.boxes2D.json"}}, {"predictions": {"_type": "boxes2D", "sha256": "ee4f911f07b683653689ee3ff70005de41e1cb4607eb11de4ee12fda66749faa", "size": 42753, "path": "media/metadata/boxes2D/BoundingBoxDebugger_299_ee4f911f07b683653689.boxes2D.json"}}, {"predictions": {"_type": "boxes2D", "sha256": "3632e67f357fcef7f6af8f9872e76762e8dec79731c4bfeeb4d2784b627b4a5d", "size": 44294, "path": "media/metadata/boxes2D/BoundingBoxDebugger_299_3632e67f357fcef7f6af.boxes2D.json"}}, {"predictions": {"_type": "boxes2D", "sha256": "edf6b7fbecf63f0c4f0ddedea374f286b51268c011e0ff05ed8f266fe4bfb486", "size": 21749, "path": "media/metadata/boxes2D/BoundingBoxDebugger_299_edf6b7fbecf63f0c4f0d.boxes2D.json"}}, {"predictions": {"_type": "boxes2D", "sha256": "efe3f5da5e3e80e4c22a29376e18285334a27c422f47d8983fc81fbf8c696549", "size": 24770, "path": "media/metadata/boxes2D/BoundingBoxDebugger_299_efe3f5da5e3e80e4c22a.boxes2D.json"}}, {"predictions": {"_type": "boxes2D", "sha256": "185ef384597ec4bf98347fb265d87f8c03b6d1ee2f6953cfd1bb55292e8c635e", "size": 51304, "path": "media/metadata/boxes2D/BoundingBoxDebugger_299_185ef384597ec4bf9834.boxes2D.json"}}, {"predictions": {"_type": "boxes2D", "sha256": "a329fba604c109ec7c1edab935fd07519cc16fefecbc8bd385f4e07823d8745f", "size": 35654, "path": "media/metadata/boxes2D/BoundingBoxDebugger_299_a329fba604c109ec7c1e.boxes2D.json"}}, {"predictions": {"_type": "boxes2D", "sha256": "ec5747d2088dbd98ebb7271a7711631bde185b331e07d2bbeb559e80961f2617", "size": 42872, "path": "media/metadata/boxes2D/BoundingBoxDebugger_299_ec5747d2088dbd98ebb7.boxes2D.json"}}]}, "Validation": {"_type": "images/separated", "width": 1920, "height": 1464, "format": "jpg", "count": 4, "filenames": ["media/images/Validation_300_a96f2bf9ef3eb4bc71d1.jpg", "media/images/Validation_300_2d1c558ec26fd1b283a9.jpg", "media/images/Validation_300_2854d097617305a0ea47.jpg", "media/images/Validation_300_b754e3888017ee12da4c.jpg"], "captions": ["val_batch0_labels.jpg", "val_batch0_pred.jpg", "val_batch1_labels.jpg", "val_batch1_pred.jpg"]}, "Results": {"_type": "images/separated", "width": 2400, "height": 1200, "format": "png", "count": 6, "filenames": ["media/images/Results_300_f925a306f8f602b57911.png", "media/images/Results_300_a5deb51b45a2f757ed6a.png", "media/images/Results_300_2924c869380f44862c43.png", "media/images/Results_300_e5a56d961908a4297208.png", "media/images/Results_300_5b21a518f356e773e6c8.png", "media/images/Results_300_6faae2f8f8352fe5eb78.png"], "captions": ["results.png", "confusion_matrix.png", "F1_curve.png", "PR_curve.png", "P_curve.png", "R_curve.png"]}, "_wandb": {"runtime": 734}}