{"best/epoch": 193, "best/precision": 0.9636801140503669, "best/recall": 0.9974980996033628, "best/mAP_0.5": 0.9883892336072447, "best/mAP_0.5:0.95": 0.6534421599950943, "Labels": {"_type": "images/separated", "width": 1600, "height": 1600, "format": "jpg", "count": 2, "filenames": ["media/images/Labels_0_43551254dc914cb6c754.jpg", "media/images/Labels_0_2fde66e720e04180bfca.jpg"], "captions": ["labels.jpg", "labels_correlogram.jpg"]}, "train/box_loss": 0.02112085185945034, "train/obj_loss": 0.02301654778420925, "train/cls_loss": 0.0, "metrics/precision": 0.9636783180933942, "metrics/recall": 0.9974470404115946, "metrics/mAP_0.5": 0.988355748728883, "metrics/mAP_0.5:0.95": 0.6552662903829493, "val/box_loss": 0.026300135999917984, "val/obj_loss": 0.023451458662748337, "val/cls_loss": 0.0, "x/lr0": 0.0003639999999999995, "x/lr1": 0.0003639999999999995, "x/lr2": 0.0003639999999999995, "_timestamp": 1661238213, "_runtime": 638, "_step": 294, "Mosaics": {"_type": "images/separated", "width": 1920, "height": 1920, "format": "jpg", "count": 3, "filenames": ["media/images/Mosaics_1_989ea13d26d0a8f28e9f.jpg", "media/images/Mosaics_1_1bc7fd5bc05ee66d5b85.jpg", "media/images/Mosaics_1_4489d4dab0b33014586a.jpg"], "captions": ["train_batch0.jpg", "train_batch1.jpg", "train_batch2.jpg"]}, "BoundingBoxDebugger": {"_type": "images/separated", "width": 672, "height": 512, "format": "png", "count": 16, "filenames": ["media/images/BoundingBoxDebugger_269_4e3c3b6dbea488c24a97.png", "media/images/BoundingBoxDebugger_269_d797ee9289a003c68bda.png", "media/images/BoundingBoxDebugger_269_949b46cd76cb0d05b3c9.png", "media/images/BoundingBoxDebugger_269_c4093ba41656449d746e.png", "media/images/BoundingBoxDebugger_269_9c6d68bd05421f0b085e.png", "media/images/BoundingBoxDebugger_269_f5cba14482fe847bf570.png", "media/images/BoundingBoxDebugger_269_01062a1c56b95bc5527c.png", "media/images/BoundingBoxDebugger_269_2f482d7a7d05ded1c8b7.png", "media/images/BoundingBoxDebugger_269_133cbacb107c25ee2eac.png", "media/images/BoundingBoxDebugger_269_a0ec2351bca93f4e471f.png", "media/images/BoundingBoxDebugger_269_0f6ded946562868dd450.png", "media/images/BoundingBoxDebugger_269_2b4aa8fbf5970ee6ffe8.png", "media/images/BoundingBoxDebugger_269_8fc2cd69b07da571ee01.png", "media/images/BoundingBoxDebugger_269_925f793fd5b6e1ae2a1b.png", "media/images/BoundingBoxDebugger_269_cfaf6ccbb3a607ade98d.png", "media/images/BoundingBoxDebugger_269_07676437fdb3c26e3b35.png"], "captions": ["16.jpg", "84.jpg", "77.jpg", "20.jpg", "99.jpg", "82.jpg", "30.jpg", "42.jpg", "40.jpg", "74.jpg", "34.jpg", "52.jpg", "28.jpg", "46.jpg", "56.jpg", "83.jpg"], "all_boxes": [{"predictions": {"_type": "boxes2D", "sha256": "c3ffd4f46d2dd1312aa1ee67a649f14d2e99b84566bbb191868d350db7a0a224", "size": 3908, "path": "media/metadata/boxes2D/BoundingBoxDebugger_269_c3ffd4f46d2dd1312aa1.boxes2D.json"}}, {"predictions": {"_type": "boxes2D", "sha256": "84a594cd7a0a86f2949991f70409f5a8e8c407de730f43607593d28c6d6c49c4", "size": 2699, "path": "media/metadata/boxes2D/BoundingBoxDebugger_269_84a594cd7a0a86f29499.boxes2D.json"}}, {"predictions": {"_type": "boxes2D", "sha256": "43c2d082662c3909800b2ca2c7ad2d332431c32eda2dc92fa09bbe5019034538", "size": 3247, "path": "media/metadata/boxes2D/BoundingBoxDebugger_269_43c2d082662c3909800b.boxes2D.json"}}, {"predictions": {"_type": "boxes2D", "sha256": "3673d987cf1440373dca53d8dfd39a79b69c921e4b1f05bc3ca1fad2164754cb", "size": 3946, "path": "media/metadata/boxes2D/BoundingBoxDebugger_269_3673d987cf1440373dca.boxes2D.json"}}, {"predictions": {"_type": "boxes2D", "sha256": "e749dfbc65ee933000b129674e6a9b8e4b6fdeb4f5cda7f6285fffc6b134149c", "size": 3406, "path": "media/metadata/boxes2D/BoundingBoxDebugger_269_e749dfbc65ee933000b1.boxes2D.json"}}, {"predictions": {"_type": "boxes2D", "sha256": "b181b4cbdb50ef8e46a93c80d8b962b1ffc1e8fec709dd22b009b362f58c2b94", "size": 4740, "path": "media/metadata/boxes2D/BoundingBoxDebugger_269_b181b4cbdb50ef8e46a9.boxes2D.json"}}, {"predictions": {"_type": "boxes2D", "sha256": "6a8bf7ecd5ada987dbbae8c614a424f65e52d33a545ae608c19be5ccb2c37b17", "size": 4288, "path": "media/metadata/boxes2D/BoundingBoxDebugger_269_6a8bf7ecd5ada987dbba.boxes2D.json"}}, {"predictions": {"_type": "boxes2D", "sha256": "49b790d473ccc0c6fa93e4bb11ec153e176c7712964f4a850c969170775b600f", "size": 10961, "path": "media/metadata/boxes2D/BoundingBoxDebugger_269_49b790d473ccc0c6fa93.boxes2D.json"}}, {"predictions": {"_type": "boxes2D", "sha256": "20a489c591ad08c5f7e0131bfa4733a0ce245c07ac546224564c5fa460c37e61", "size": 6027, "path": "media/metadata/boxes2D/BoundingBoxDebugger_269_20a489c591ad08c5f7e0.boxes2D.json"}}, {"predictions": {"_type": "boxes2D", "sha256": "a5d7d900ebc0b4bea5f3b3165b3c11bbd4a83307cd39ab95f4a7f7d9e0afb1b9", "size": 5810, "path": "media/metadata/boxes2D/BoundingBoxDebugger_269_a5d7d900ebc0b4bea5f3.boxes2D.json"}}, {"predictions": {"_type": "boxes2D", "sha256": "655c89b9a51ede150988683b3545f72ccf87056ced577b660c57fc929856d7ce", "size": 6391, "path": "media/metadata/boxes2D/BoundingBoxDebugger_269_655c89b9a51ede150988.boxes2D.json"}}, {"predictions": {"_type": "boxes2D", "sha256": "dbfcb0e7be973fec8a4804c4d7e2852a27c513803a29be1e81e6533bb3a4411f", "size": 3998, "path": "media/metadata/boxes2D/BoundingBoxDebugger_269_dbfcb0e7be973fec8a48.boxes2D.json"}}, {"predictions": {"_type": "boxes2D", "sha256": "9ec9602d89903d71184788b9d81b00295a622d8a666fbe5cbf1a58677b780861", "size": 7320, "path": "media/metadata/boxes2D/BoundingBoxDebugger_269_9ec9602d89903d711847.boxes2D.json"}}, {"predictions": {"_type": "boxes2D", "sha256": "7b722826a621c72cd0245e5b362a5feb448d4592e75e71f7797cb38736a7253f", "size": 6978, "path": "media/metadata/boxes2D/BoundingBoxDebugger_269_7b722826a621c72cd024.boxes2D.json"}}, {"predictions": {"_type": "boxes2D", "sha256": "9162ff4531c764a906e0029f9b8ca8e1402353b4d25eaf9c4ec2cb962532b5a7", "size": 3241, "path": "media/metadata/boxes2D/BoundingBoxDebugger_269_9162ff4531c764a906e0.boxes2D.json"}}, {"predictions": {"_type": "boxes2D", "sha256": "c9808b32672e15bcbf9fd2cd309eed2fd791f840d4ef2e29747acdc6dd54d6d1", "size": 5247, "path": "media/metadata/boxes2D/BoundingBoxDebugger_269_c9808b32672e15bcbf9f.boxes2D.json"}}]}, "Validation": {"_type": "images/separated", "width": 1920, "height": 1464, "format": "jpg", "count": 4, "filenames": ["media/images/Validation_294_a96f2bf9ef3eb4bc71d1.jpg", "media/images/Validation_294_9fbbde69d11019bd240d.jpg", "media/images/Validation_294_2854d097617305a0ea47.jpg", "media/images/Validation_294_553f4c3b42f0bbc8a3ee.jpg"], "captions": ["val_batch0_labels.jpg", "val_batch0_pred.jpg", "val_batch1_labels.jpg", "val_batch1_pred.jpg"]}, "Results": {"_type": "images/separated", "width": 2400, "height": 1200, "format": "png", "count": 6, "filenames": ["media/images/Results_294_86e489b5482e33860185.png", "media/images/Results_294_a5deb51b45a2f757ed6a.png", "media/images/Results_294_86b02b50f3cbd5114421.png", "media/images/Results_294_b87d829c69a465b05b0f.png", "media/images/Results_294_53ffe56011cbc5827452.png", "media/images/Results_294_3bffc7effa6c506224f1.png"], "captions": ["results.png", "confusion_matrix.png", "F1_curve.png", "PR_curve.png", "P_curve.png", "R_curve.png"]}, "_wandb": {"runtime": 639}}