{"best/epoch": 48, "best/precision": 0.8832882516465397, "best/recall": 0.03126993550707434, "best/mAP_0.5": 0.046131081926078316, "best/mAP_0.5:0.95": 0.02014477507096126, "Labels": {"_type": "images/separated", "width": 1600, "height": 1600, "format": "jpg", "count": 2, "filenames": ["media/images/Labels_0_a005505e0e34113244bf.jpg", "media/images/Labels_0_83f3e723ca58469d8a63.jpg"], "captions": ["labels.jpg", "labels_correlogram.jpg"]}, "Mosaics": {"_type": "images/separated", "width": 1280, "height": 1280, "format": "jpg", "count": 3, "filenames": ["media/images/Mosaics_0_a2eeca0ae919a19c7a43.jpg", "media/images/Mosaics_0_e1378a3ec14abe5ef4ba.jpg", "media/images/Mosaics_0_4dae24001893ad916084.jpg"], "captions": ["train_batch0.jpg", "train_batch1.jpg", "train_batch2.jpg"]}, "train/box_loss": 0.07090706378221512, "train/obj_loss": 0.0670274868607521, "train/cls_loss": 0.07878748327493668, "metrics/precision": 0.8832882516465397, "metrics/recall": 0.03126993550707434, "metrics/mAP_0.5": 0.046131081926078316, "metrics/mAP_0.5:0.95": 0.02014477507096126, "val/box_loss": 0.06594136357307434, "val/obj_loss": 0.049247924238443375, "val/cls_loss": 0.07100293040275574, "x/lr0": 0.008449, "x/lr1": 0.008449, "x/lr2": 0.008449, "_timestamp": 1660358506, "_runtime": 385, "_step": 48, "BoundingBoxDebugger": {"_type": "images/separated", "width": 672, "height": 448, "format": "png", "count": 16, "filenames": ["media/images/BoundingBoxDebugger_29_4e09ac10fdda77ed35db.png", "media/images/BoundingBoxDebugger_29_6a3a0266a35e3eb27dbe.png", "media/images/BoundingBoxDebugger_29_4d051fed113cb710ac8c.png", "media/images/BoundingBoxDebugger_29_aecae9934d73212f5bcc.png", "media/images/BoundingBoxDebugger_29_b4b5e8028d2925349d68.png", "media/images/BoundingBoxDebugger_29_493946b8ed206a1ee43b.png", "media/images/BoundingBoxDebugger_29_3036ab420cb18ebf1990.png", "media/images/BoundingBoxDebugger_29_72ef2d2ded43b3af3fba.png", "media/images/BoundingBoxDebugger_29_294a3d00181311be8052.png", "media/images/BoundingBoxDebugger_29_d96310fdfec7843e2aca.png", "media/images/BoundingBoxDebugger_29_74b57c02ce8028310143.png", "media/images/BoundingBoxDebugger_29_9651a621eea4d908cc57.png", "media/images/BoundingBoxDebugger_29_aad804fadca9f966ba91.png", "media/images/BoundingBoxDebugger_29_d6f2e49a97ff0d4aa316.png", "media/images/BoundingBoxDebugger_29_8e0d03fc5a22da5af75d.png", "media/images/BoundingBoxDebugger_29_27427aa62964c00a4a44.png"], "captions": ["000000000357.jpg", "000000000472.jpg", "000000000597.jpg", "000000000338.jpg", "000000000428.jpg", "000000000431.jpg", "000000000491.jpg", "000000000488.jpg", "000000000599.jpg", "000000000109.jpg", "000000000247.jpg", "000000000359.jpg", "000000000034.jpg", "000000000540.jpg", "000000000081.jpg", "000000000025.jpg"], "all_boxes": [{"predictions": {"_type": "boxes2D", "sha256": "7cba1efeeacf8eefbb52709f6dc27d37589305f43e7f46be6654baa985f85970", "size": 72332, "path": "media/metadata/boxes2D/BoundingBoxDebugger_29_7cba1efeeacf8eefbb52.boxes2D.json"}}, {"predictions": {"_type": "boxes2D", "sha256": "8a07e1beb14d25397558068d2df40b5534affa1bd5af17b119d67b59aad8ffd7", "size": 73494, "path": "media/metadata/boxes2D/BoundingBoxDebugger_29_8a07e1beb14d25397558.boxes2D.json"}}, {"predictions": {"_type": "boxes2D", "sha256": "83ed8dc09ee8601c1c58e23670c6d48dab981b0bd0145d2606f921f9c939aa57", "size": 72949, "path": "media/metadata/boxes2D/BoundingBoxDebugger_29_83ed8dc09ee8601c1c58.boxes2D.json"}}, {"predictions": {"_type": "boxes2D", "sha256": "1435021923b9d2b50ed194b7f4091256c21de536718866c5fa5958be4bcbae19", "size": 72817, "path": "media/metadata/boxes2D/BoundingBoxDebugger_29_1435021923b9d2b50ed1.boxes2D.json"}}, {"predictions": {"_type": "boxes2D", "sha256": "ff5defb4d16318ca139053b0a5f829ea52655bef24dce93b0ca98285e7de7674", "size": 73247, "path": "media/metadata/boxes2D/BoundingBoxDebugger_29_ff5defb4d16318ca1390.boxes2D.json"}}, {"predictions": {"_type": "boxes2D", "sha256": "10527ac19bfb73d7d017f8ccb7855738853db641e7e61b90fb89797806ed4bca", "size": 73558, "path": "media/metadata/boxes2D/BoundingBoxDebugger_29_10527ac19bfb73d7d017.boxes2D.json"}}, {"predictions": {"_type": "boxes2D", "sha256": "d2bc1cbd827a56e0171edf89acb9059a152d68391fcb742a32512154022a4074", "size": 73412, "path": "media/metadata/boxes2D/BoundingBoxDebugger_29_d2bc1cbd827a56e0171e.boxes2D.json"}}, {"predictions": {"_type": "boxes2D", "sha256": "b8c3a9b61ebf66111ba6502d24f5074de222411389cf86f3b292129b7b4913f7", "size": 72844, "path": "media/metadata/boxes2D/BoundingBoxDebugger_29_b8c3a9b61ebf66111ba6.boxes2D.json"}}, {"predictions": {"_type": "boxes2D", "sha256": "b1278e3f04373926d131bd39913a87f44246400e31e7817da331d699921b7d70", "size": 72871, "path": "media/metadata/boxes2D/BoundingBoxDebugger_29_b1278e3f04373926d131.boxes2D.json"}}, {"predictions": {"_type": "boxes2D", "sha256": "79ee2dfee4f4a16a9c393ddeb9b3de566ff7b2e7462ec101ab96f9249eca5244", "size": 72436, "path": "media/metadata/boxes2D/BoundingBoxDebugger_29_79ee2dfee4f4a16a9c39.boxes2D.json"}}, {"predictions": {"_type": "boxes2D", "sha256": "13f4a6fb16d91ec2b193e4302668df52dec49df9101d35296cc1128846009bbd", "size": 73197, "path": "media/metadata/boxes2D/BoundingBoxDebugger_29_13f4a6fb16d91ec2b193.boxes2D.json"}}, {"predictions": {"_type": "boxes2D", "sha256": "56edefa83fd3b2157fa12d7a6fa01f65b210163ef9eaa0c829743985d247bb51", "size": 72934, "path": "media/metadata/boxes2D/BoundingBoxDebugger_29_56edefa83fd3b2157fa1.boxes2D.json"}}, {"predictions": {"_type": "boxes2D", "sha256": "cbb8b5b4fcb2ffa5fba0f3accfca56da3639e06231294ec198ad8e32368901ba", "size": 49579, "path": "media/metadata/boxes2D/BoundingBoxDebugger_29_cbb8b5b4fcb2ffa5fba0.boxes2D.json"}}, {"predictions": {"_type": "boxes2D", "sha256": "80ea864de3fbf532584cd5df084d724dee08c30fc5dd850df7314be8224a9c8a", "size": 72934, "path": "media/metadata/boxes2D/BoundingBoxDebugger_29_80ea864de3fbf532584c.boxes2D.json"}}, {"predictions": {"_type": "boxes2D", "sha256": "6e0ecab81012035d9cf3f38ae81cf9651192ae5c82d3150fde816b2bf5781213", "size": 28142, "path": "media/metadata/boxes2D/BoundingBoxDebugger_29_6e0ecab81012035d9cf3.boxes2D.json"}}, {"predictions": {"_type": "boxes2D", "sha256": "2872bd8e8cee82e54da7244e110eb23c07e0e42fa92f41dcb3eac3a1e670d915", "size": 72860, "path": "media/metadata/boxes2D/BoundingBoxDebugger_29_2872bd8e8cee82e54da7.boxes2D.json"}}]}}