{"best/epoch": 258, "best/precision": 0.9803384601324725, "best/recall": 0.9924812030075187, "best/mAP_0.5": 0.9872966798659762, "best/mAP_0.5:0.95": 0.6509892194988621, "Labels": {"_type": "images/separated", "width": 1600, "height": 1600, "format": "jpg", "count": 2, "filenames": ["media/images/Labels_0_43551254dc914cb6c754.jpg", "media/images/Labels_0_2fde66e720e04180bfca.jpg"], "captions": ["labels.jpg", "labels_correlogram.jpg"]}, "train/box_loss": 0.026263901963829994, "train/obj_loss": 0.027188751846551895, "train/cls_loss": 0.0, "metrics/precision": 0.9837376492506639, "metrics/recall": 0.9924812030075187, "metrics/mAP_0.5": 0.9864876168607511, "metrics/mAP_0.5:0.95": 0.6450994474834371, "val/box_loss": 0.023300232365727425, "val/obj_loss": 0.02509734034538269, "val/cls_loss": 0.0, "x/lr0": 0.00016600000000000043, "x/lr1": 0.00016600000000000043, "x/lr2": 0.00016600000000000043, "_timestamp": 1661187402, "_runtime": 976, "_step": 299, "Mosaics": {"_type": "images/separated", "width": 1920, "height": 1920, "format": "jpg", "count": 3, "filenames": ["media/images/Mosaics_1_d8e93b8636c3b507c84a.jpg", "media/images/Mosaics_1_a73d8330dd532c1f970d.jpg", "media/images/Mosaics_1_708d59e73ae3eaf384da.jpg"], "captions": ["train_batch0.jpg", "train_batch1.jpg", "train_batch2.jpg"]}, "BoundingBoxDebugger": {"_type": "images/separated", "width": 672, "height": 512, "format": "png", "count": 16, "filenames": ["media/images/BoundingBoxDebugger_299_4e3c3b6dbea488c24a97.png", "media/images/BoundingBoxDebugger_299_d797ee9289a003c68bda.png", "media/images/BoundingBoxDebugger_299_949b46cd76cb0d05b3c9.png", "media/images/BoundingBoxDebugger_299_c4093ba41656449d746e.png", "media/images/BoundingBoxDebugger_299_9c6d68bd05421f0b085e.png", "media/images/BoundingBoxDebugger_299_f5cba14482fe847bf570.png", "media/images/BoundingBoxDebugger_299_01062a1c56b95bc5527c.png", "media/images/BoundingBoxDebugger_299_2f482d7a7d05ded1c8b7.png", "media/images/BoundingBoxDebugger_299_133cbacb107c25ee2eac.png", "media/images/BoundingBoxDebugger_299_a0ec2351bca93f4e471f.png", "media/images/BoundingBoxDebugger_299_0f6ded946562868dd450.png", "media/images/BoundingBoxDebugger_299_2b4aa8fbf5970ee6ffe8.png", "media/images/BoundingBoxDebugger_299_8fc2cd69b07da571ee01.png", "media/images/BoundingBoxDebugger_299_925f793fd5b6e1ae2a1b.png", "media/images/BoundingBoxDebugger_299_cfaf6ccbb3a607ade98d.png", "media/images/BoundingBoxDebugger_299_07676437fdb3c26e3b35.png"], "captions": ["16.jpg", "84.jpg", "77.jpg", "20.jpg", "99.jpg", "82.jpg", "30.jpg", "42.jpg", "40.jpg", "74.jpg", "34.jpg", "52.jpg", "28.jpg", "46.jpg", "56.jpg", "83.jpg"], "all_boxes": [{"predictions": {"_type": "boxes2D", "sha256": "4092b89e40493a7c9282ecffc2da17a8f244547c08466e6cd0211c5aa6b3492b", "size": 29268, "path": "media/metadata/boxes2D/BoundingBoxDebugger_299_4092b89e40493a7c9282.boxes2D.json"}}, {"predictions": {"_type": "boxes2D", "sha256": "0cec1f08d801e0e020cb99246d0f2575f1627383699f1c9f33da7a455197649e", "size": 27579, "path": "media/metadata/boxes2D/BoundingBoxDebugger_299_0cec1f08d801e0e020cb.boxes2D.json"}}, {"predictions": {"_type": "boxes2D", "sha256": "9cfafde83f8e3ee49430eedb2fc9bd6207ec36c203f69c7fc2faca8a20245d08", "size": 23549, "path": "media/metadata/boxes2D/BoundingBoxDebugger_299_9cfafde83f8e3ee49430.boxes2D.json"}}, {"predictions": {"_type": "boxes2D", "sha256": "d5667ef888ea252a4828c727e33c739178c588a540774ee76d29a5ef87046a3e", "size": 34371, "path": "media/metadata/boxes2D/BoundingBoxDebugger_299_d5667ef888ea252a4828.boxes2D.json"}}, {"predictions": {"_type": "boxes2D", "sha256": "37d4c837141fc11993080257054bd334aa744a940bd7dc3377ae81544e130dae", "size": 25672, "path": "media/metadata/boxes2D/BoundingBoxDebugger_299_37d4c837141fc1199308.boxes2D.json"}}, {"predictions": {"_type": "boxes2D", "sha256": "0f375e99ffe0c5d508812dc246fabe081583678a0376a7ff74fd5a2b6b7357dd", "size": 24514, "path": "media/metadata/boxes2D/BoundingBoxDebugger_299_0f375e99ffe0c5d50881.boxes2D.json"}}, {"predictions": {"_type": "boxes2D", "sha256": "f23f1fc36e8dfa191782bcc5e6724eed484c5b57894a2941e3ee04a064cc7bae", "size": 28346, "path": "media/metadata/boxes2D/BoundingBoxDebugger_299_f23f1fc36e8dfa191782.boxes2D.json"}}, {"predictions": {"_type": "boxes2D", "sha256": "f00f7a43aa66b3052cec20ed927fc56a91eeab938606cca5d7ccbf21d065f733", "size": 47902, "path": "media/metadata/boxes2D/BoundingBoxDebugger_299_f00f7a43aa66b3052cec.boxes2D.json"}}, {"predictions": {"_type": "boxes2D", "sha256": "6af093f6bd81a0961b2abad765d0ad7d2a82e73e1cfb0e7644d991e7ae2fb9c1", "size": 17022, "path": "media/metadata/boxes2D/BoundingBoxDebugger_299_6af093f6bd81a0961b2a.boxes2D.json"}}, {"predictions": {"_type": "boxes2D", "sha256": "28d8b332516f2671db1068e720ae2aec4193b872371585ff6964dced2bc419b7", "size": 19679, "path": "media/metadata/boxes2D/BoundingBoxDebugger_299_28d8b332516f2671db10.boxes2D.json"}}, {"predictions": {"_type": "boxes2D", "sha256": "a94f257211fcfc6c7513c5cdc4debb4a96739e0737e62a63a31bf269d45da91d", "size": 31283, "path": "media/metadata/boxes2D/BoundingBoxDebugger_299_a94f257211fcfc6c7513.boxes2D.json"}}, {"predictions": {"_type": "boxes2D", "sha256": "9033f220f5d6a10b276ecd3a8ca084abdb2dec693460055d097da1181caeabf7", "size": 21754, "path": "media/metadata/boxes2D/BoundingBoxDebugger_299_9033f220f5d6a10b276e.boxes2D.json"}}, {"predictions": {"_type": "boxes2D", "sha256": "83aa1920463089320c5260ae8681f7818a2c3881e31c232671040b41c15473ed", "size": 22721, "path": "media/metadata/boxes2D/BoundingBoxDebugger_299_83aa1920463089320c52.boxes2D.json"}}, {"predictions": {"_type": "boxes2D", "sha256": "92a60c3e59116b14994b2b44f5d68748fc1caf91c1ca725cbb6d2f41c2825526", "size": 49764, "path": "media/metadata/boxes2D/BoundingBoxDebugger_299_92a60c3e59116b14994b.boxes2D.json"}}, {"predictions": {"_type": "boxes2D", "sha256": "3822e4d380a6017261d7e93f295afef6c44db97c87a0bed54295c3c2e3f78e2e", "size": 24258, "path": "media/metadata/boxes2D/BoundingBoxDebugger_299_3822e4d380a6017261d7.boxes2D.json"}}, {"predictions": {"_type": "boxes2D", "sha256": "f85b23be29b8d62497a86c4ad636dd7c654eb2959709a5af7e7f754ef8c8a3c4", "size": 27775, "path": "media/metadata/boxes2D/BoundingBoxDebugger_299_f85b23be29b8d62497a8.boxes2D.json"}}]}, "_wandb": {"runtime": 971}}