{"best/epoch": 295, "best/precision": 0.9693336930296068, "best/recall": 0.9852941176470589, "best/mAP_0.5": 0.985071205675482, "best/mAP_0.5:0.95": 0.6499456741096193, "Labels": {"_type": "images/separated", "width": 1600, "height": 1600, "format": "jpg", "count": 2, "filenames": ["media/images/Labels_0_b0eda1ebcd75213e7ced.jpg", "media/images/Labels_0_005bc170cead9869e581.jpg"], "captions": ["labels.jpg", "labels_correlogram.jpg"]}, "Mosaics": {"_type": "images/separated", "width": 1920, "height": 1920, "format": "jpg", "count": 3, "filenames": ["media/images/Mosaics_0_a3652818b869e9ab89a2.jpg", "media/images/Mosaics_0_e6c4830be3c02161c66b.jpg", "media/images/Mosaics_0_382d7567ed129142086a.jpg"], "captions": ["train_batch0.jpg", "train_batch1.jpg", "train_batch2.jpg"]}, "train/box_loss": 0.026630474254488945, "train/obj_loss": 0.029772570356726646, "train/cls_loss": 0.0, "metrics/precision": 0.9693336930296068, "metrics/recall": 0.9852941176470589, "metrics/mAP_0.5": 0.9850871506829231, "metrics/mAP_0.5:0.95": 0.6499030929698144, "val/box_loss": 0.024999946355819702, "val/obj_loss": 0.027607517316937447, "val/cls_loss": 0.0, "x/lr0": 0.00016600000000000043, "x/lr1": 0.00016600000000000043, "x/lr2": 0.00016600000000000043, "_timestamp": 1661247930, "_runtime": 1542, "_step": 300, "BoundingBoxDebugger": {"_type": "images/separated", "width": 672, "height": 512, "format": "png", "count": 16, "filenames": ["media/images/BoundingBoxDebugger_299_c324696807cf811d461f.png", "media/images/BoundingBoxDebugger_299_fde049ea41f1f581ce2b.png", "media/images/BoundingBoxDebugger_299_4a1073af0ee6feb55331.png", "media/images/BoundingBoxDebugger_299_3c2415edf8a72757654f.png", "media/images/BoundingBoxDebugger_299_0b02dd1f92c496e8e24a.png", "media/images/BoundingBoxDebugger_299_ee3de6c68793a01f6672.png", "media/images/BoundingBoxDebugger_299_ad061bd1fedcf215f822.png", "media/images/BoundingBoxDebugger_299_9660e41bcfc05e43c9fb.png", "media/images/BoundingBoxDebugger_299_3722c631b91514886502.png", "media/images/BoundingBoxDebugger_299_3d6ccf367c98a2b1a089.png", "media/images/BoundingBoxDebugger_299_d15548988fadaafeb276.png", "media/images/BoundingBoxDebugger_299_52de54f9d1ec5586ef9b.png", "media/images/BoundingBoxDebugger_299_b548efe1ae887f370e81.png", "media/images/BoundingBoxDebugger_299_dfff43e469cf3ff2d9d0.png", "media/images/BoundingBoxDebugger_299_f17f12ec9771574c35bd.png", "media/images/BoundingBoxDebugger_299_216bb2568b4f1ab0e617.png"], "captions": ["000154.jpg", "79.jpg", "000115.jpg", "000134.jpg", "25.jpg", "50.jpg", "000112.jpg", "38.jpg", "000188.jpg", "86.jpg", "91.jpg", "33.jpg", "5.jpg", "000168.jpg", "51.jpg", "41.jpg"], "all_boxes": [{"predictions": {"_type": "boxes2D", "sha256": "9facb5b9aa16ab335b1628783bda6b8263b3d236b6a39b33cfe325e9d37d4b56", "size": 28729, "path": "media/metadata/boxes2D/BoundingBoxDebugger_299_9facb5b9aa16ab335b16.boxes2D.json"}}, {"predictions": {"_type": "boxes2D", "sha256": "ed70e17b79fc8a3599515c52c6f03ff597a66e671747f9c4feff07c8aedba9d9", "size": 24813, "path": "media/metadata/boxes2D/BoundingBoxDebugger_299_ed70e17b79fc8a359951.boxes2D.json"}}, {"predictions": {"_type": "boxes2D", "sha256": "3e74c71e18185846a13265396b2e3f3048a9ea4b9f0a5c37897f4885a3eac59a", "size": 20554, "path": "media/metadata/boxes2D/BoundingBoxDebugger_299_3e74c71e18185846a132.boxes2D.json"}}, {"predictions": {"_type": "boxes2D", "sha256": "501bfbf5bcfd56227c1104d8a5c9bf96b1d630ca77539988799be45c8b9fd7a5", "size": 13256, "path": "media/metadata/boxes2D/BoundingBoxDebugger_299_501bfbf5bcfd56227c11.boxes2D.json"}}, {"predictions": {"_type": "boxes2D", "sha256": "f9137af5ddd654f020a6f0027c0b8382d257353934c39edd2717a338f8673aeb", "size": 33806, "path": "media/metadata/boxes2D/BoundingBoxDebugger_299_f9137af5ddd654f020a6.boxes2D.json"}}, {"predictions": {"_type": "boxes2D", "sha256": "75a9a9d12bccffda22aa2b6ee0a990edc9c08735e471c732cc5a6dde421202c7", "size": 34739, "path": "media/metadata/boxes2D/BoundingBoxDebugger_299_75a9a9d12bccffda22aa.boxes2D.json"}}, {"predictions": {"_type": "boxes2D", "sha256": "46a45532b9a6aefb6ecbe78289c0ae562c3860af511b9e2f570f40f7a1a85a17", "size": 26690, "path": "media/metadata/boxes2D/BoundingBoxDebugger_299_46a45532b9a6aefb6ecb.boxes2D.json"}}, {"predictions": {"_type": "boxes2D", "sha256": "13bc08d0016baee04b184db030128e96e19e687c0ca34fbd0463a8c1460ecd0c", "size": 19595, "path": "media/metadata/boxes2D/BoundingBoxDebugger_299_13bc08d0016baee04b18.boxes2D.json"}}, {"predictions": {"_type": "boxes2D", "sha256": "a7c8e39004e38518d9a58b048d010685b9c8ebbb65ebf853f4f0b9ececeea829", "size": 20217, "path": "media/metadata/boxes2D/BoundingBoxDebugger_299_a7c8e39004e38518d9a5.boxes2D.json"}}, {"predictions": {"_type": "boxes2D", "sha256": "31250fa802f2ec436a413a2a0fd693022c7be6fc6a96e95eada35b2fc1294541", "size": 16181, "path": "media/metadata/boxes2D/BoundingBoxDebugger_299_31250fa802f2ec436a41.boxes2D.json"}}, {"predictions": {"_type": "boxes2D", "sha256": "dea9dcdae3d7b8cbb5a554c9d6d80a7b7aad70f23d42f18c6f53ad226c62a9c9", "size": 22033, "path": "media/metadata/boxes2D/BoundingBoxDebugger_299_dea9dcdae3d7b8cbb5a5.boxes2D.json"}}, {"predictions": {"_type": "boxes2D", "sha256": "9196fd7c9bc32835ed8cbdbad1df2b81bdd49a44d6d97bd8cd0b2b159632fcd0", "size": 13966, "path": "media/metadata/boxes2D/BoundingBoxDebugger_299_9196fd7c9bc32835ed8c.boxes2D.json"}}, {"predictions": {"_type": "boxes2D", "sha256": "9e456bb60c0293122bf211fbbddd55b6a80386b00cdc9dd25887c2e336785644", "size": 18291, "path": "media/metadata/boxes2D/BoundingBoxDebugger_299_9e456bb60c0293122bf2.boxes2D.json"}}, {"predictions": {"_type": "boxes2D", "sha256": "72553655a7119cba16af6e36e44d6798cf23ab9ae870ed78c3cbc52c24aac933", "size": 19482, "path": "media/metadata/boxes2D/BoundingBoxDebugger_299_72553655a7119cba16af.boxes2D.json"}}, {"predictions": {"_type": "boxes2D", "sha256": "59bb5445203fd7cab1d74f70557755ad2ca2dcc27a14db5c0febbf434b99c9e3", "size": 21635, "path": "media/metadata/boxes2D/BoundingBoxDebugger_299_59bb5445203fd7cab1d7.boxes2D.json"}}, {"predictions": {"_type": "boxes2D", "sha256": "96cf9b69ffa23c0139a377090ac591d2975b24be57d35806ddbf0c88822fc74e", "size": 20942, "path": "media/metadata/boxes2D/BoundingBoxDebugger_299_96cf9b69ffa23c0139a3.boxes2D.json"}}]}, "Validation": {"_type": "images/separated", "width": 1920, "height": 1464, "format": "jpg", "count": 6, "filenames": ["media/images/Validation_300_ac5332e06bdfaf3fef2d.jpg", "media/images/Validation_300_d0f6044fc38c3e7a6785.jpg", "media/images/Validation_300_64507eb8e43e057fb6a0.jpg", "media/images/Validation_300_2faa7abd1c6a45953980.jpg", "media/images/Validation_300_c45151e6f726f74e140d.jpg", "media/images/Validation_300_5a59f38ccde1e2a9798d.jpg"], "captions": ["val_batch0_labels.jpg", "val_batch0_pred.jpg", "val_batch1_labels.jpg", "val_batch1_pred.jpg", "val_batch2_labels.jpg", "val_batch2_pred.jpg"]}, "Results": {"_type": "images/separated", "width": 2400, "height": 1200, "format": "png", "count": 6, "filenames": ["media/images/Results_300_a5863b822fafec64acb3.png", "media/images/Results_300_c000f07bbaf119f196b5.png", "media/images/Results_300_f8b1b49be6cf347d873e.png", "media/images/Results_300_a9fb8984f77dbda7bdeb.png", "media/images/Results_300_137ad85c992f23f38902.png", "media/images/Results_300_f9841c700125386543ec.png"], "captions": ["results.png", "confusion_matrix.png", "F1_curve.png", "PR_curve.png", "P_curve.png", "R_curve.png"]}, "_wandb": {"runtime": 1542}}