{"best/epoch": 286, "best/precision": 0.9917912314081999, "best/recall": 0.9852941176470589, "best/mAP_0.5": 0.9922125173301645, "best/mAP_0.5:0.95": 0.7760405926991125, "Labels": {"_type": "images/separated", "width": 1600, "height": 1600, "format": "jpg", "count": 2, "filenames": ["media/images/Labels_0_b0eda1ebcd75213e7ced.jpg", "media/images/Labels_0_005bc170cead9869e581.jpg"], "captions": ["labels.jpg", "labels_correlogram.jpg"]}, "Mosaics": {"_type": "images/separated", "width": 1920, "height": 1920, "format": "jpg", "count": 3, "filenames": ["media/images/Mosaics_0_06131009f3a2005420d6.jpg", "media/images/Mosaics_0_284d9bdc6a761d6bf1f4.jpg", "media/images/Mosaics_0_2ed967d487cc770e7c73.jpg"], "captions": ["train_batch0.jpg", "train_batch1.jpg", "train_batch2.jpg"]}, "train/box_loss": 0.016277430579066277, "train/obj_loss": 0.021528862416744232, "train/cls_loss": 0.0, "metrics/precision": 0.9918043578672886, "metrics/recall": 0.9852941176470589, "metrics/mAP_0.5": 0.992251733016439, "metrics/mAP_0.5:0.95": 0.7758496352318919, "val/box_loss": 0.017774907872080803, "val/obj_loss": 0.021883217617869377, "val/cls_loss": 0.0, "x/lr0": 0.00016600000000000043, "x/lr1": 0.00016600000000000043, "x/lr2": 0.00016600000000000043, "_timestamp": 1661412964, "_runtime": 1120, "_step": 300, "BoundingBoxDebugger": {"_type": "images/separated", "width": 672, "height": 512, "format": "png", "count": 16, "filenames": ["media/images/BoundingBoxDebugger_299_c324696807cf811d461f.png", "media/images/BoundingBoxDebugger_299_fde049ea41f1f581ce2b.png", "media/images/BoundingBoxDebugger_299_4a1073af0ee6feb55331.png", "media/images/BoundingBoxDebugger_299_3c2415edf8a72757654f.png", "media/images/BoundingBoxDebugger_299_0b02dd1f92c496e8e24a.png", "media/images/BoundingBoxDebugger_299_ee3de6c68793a01f6672.png", "media/images/BoundingBoxDebugger_299_ad061bd1fedcf215f822.png", "media/images/BoundingBoxDebugger_299_9660e41bcfc05e43c9fb.png", "media/images/BoundingBoxDebugger_299_3722c631b91514886502.png", "media/images/BoundingBoxDebugger_299_3d6ccf367c98a2b1a089.png", "media/images/BoundingBoxDebugger_299_d15548988fadaafeb276.png", "media/images/BoundingBoxDebugger_299_52de54f9d1ec5586ef9b.png", "media/images/BoundingBoxDebugger_299_b548efe1ae887f370e81.png", "media/images/BoundingBoxDebugger_299_dfff43e469cf3ff2d9d0.png", "media/images/BoundingBoxDebugger_299_f17f12ec9771574c35bd.png", "media/images/BoundingBoxDebugger_299_216bb2568b4f1ab0e617.png"], "captions": ["000154.jpg", "79.jpg", "000115.jpg", "000134.jpg", "25.jpg", "50.jpg", "000112.jpg", "38.jpg", "000188.jpg", "86.jpg", "91.jpg", "33.jpg", "5.jpg", "000168.jpg", "51.jpg", "41.jpg"], "all_boxes": [{"predictions": {"_type": "boxes2D", "sha256": "4812fc276fa319c8d1fbb77060aacfb838f153b1020b436c28e5968b15da5e43", "size": 5994, "path": "media/metadata/boxes2D/BoundingBoxDebugger_299_4812fc276fa319c8d1fb.boxes2D.json"}}, {"predictions": {"_type": "boxes2D", "sha256": "52ae46d5e0ce76bc4b11f323e0fc6471d15119f32d159fd1eecb4015cff56c6a", "size": 3747, "path": "media/metadata/boxes2D/BoundingBoxDebugger_299_52ae46d5e0ce76bc4b11.boxes2D.json"}}, {"predictions": {"_type": "boxes2D", "sha256": "a31cd29e2013cd7f622d80f0b80b57b48682e3bf6684e02bb5f904aa65199232", "size": 2819, "path": "media/metadata/boxes2D/BoundingBoxDebugger_299_a31cd29e2013cd7f622d.boxes2D.json"}}, {"predictions": {"_type": "boxes2D", "sha256": "a8f7f109bf220d031e48383d7dfb5b1862b8a5ff20167b277d67ad76a0a4b7d8", "size": 2265, "path": "media/metadata/boxes2D/BoundingBoxDebugger_299_a8f7f109bf220d031e48.boxes2D.json"}}, {"predictions": {"_type": "boxes2D", "sha256": "340d9a737802c2016fb29c66a0fae028033271b5f1e36b4d3fb9f295a91b1a87", "size": 2630, "path": "media/metadata/boxes2D/BoundingBoxDebugger_299_340d9a737802c2016fb2.boxes2D.json"}}, {"predictions": {"_type": "boxes2D", "sha256": "30a617c7c89130f9dd1ee8929ec2d75a6ac3ba8b52259f8417f6d09f29ab9a8d", "size": 8999, "path": "media/metadata/boxes2D/BoundingBoxDebugger_299_30a617c7c89130f9dd1e.boxes2D.json"}}, {"predictions": {"_type": "boxes2D", "sha256": "7eed42fa391f03ae1e5a82ba0ee8cb7445149b15378ae461097cc528a4efc021", "size": 3982, "path": "media/metadata/boxes2D/BoundingBoxDebugger_299_7eed42fa391f03ae1e5a.boxes2D.json"}}, {"predictions": {"_type": "boxes2D", "sha256": "ca9df3174159e9e091015343e16efcc2ddc0e6ed84dbc8780c4f2ace47b2b026", "size": 5041, "path": "media/metadata/boxes2D/BoundingBoxDebugger_299_ca9df3174159e9e09101.boxes2D.json"}}, {"predictions": {"_type": "boxes2D", "sha256": "f8f5d8ebb6b4c3f6118b6b17be9fb52bd47a3033ff03084b39d080c2d0a529aa", "size": 1708, "path": "media/metadata/boxes2D/BoundingBoxDebugger_299_f8f5d8ebb6b4c3f6118b.boxes2D.json"}}, {"predictions": {"_type": "boxes2D", "sha256": "5024163d269371f0febf4c380ef32997ecba3b0a000852144010335547dc80c3", "size": 4313, "path": "media/metadata/boxes2D/BoundingBoxDebugger_299_5024163d269371f0febf.boxes2D.json"}}, {"predictions": {"_type": "boxes2D", "sha256": "b921feed046dca43901478aba5b9233e85d42dfb4b86ea90b3a960bd4a565bec", "size": 3347, "path": "media/metadata/boxes2D/BoundingBoxDebugger_299_b921feed046dca439014.boxes2D.json"}}, {"predictions": {"_type": "boxes2D", "sha256": "3911d530faffadca697721cf86cd416b2324141387982677ae888b567e7e0cac", "size": 965, "path": "media/metadata/boxes2D/BoundingBoxDebugger_299_3911d530faffadca6977.boxes2D.json"}}, {"predictions": {"_type": "boxes2D", "sha256": "5970978eb11b713567c7774212985bc1cff40f88d4a3947787f6d1f3825c25b7", "size": 3560, "path": "media/metadata/boxes2D/BoundingBoxDebugger_299_5970978eb11b713567c7.boxes2D.json"}}, {"predictions": {"_type": "boxes2D", "sha256": "85ac3f6a346c05e0296256cab08ccaef183a891cbd97e45027b8fd99774fb93a", "size": 4707, "path": "media/metadata/boxes2D/BoundingBoxDebugger_299_85ac3f6a346c05e02962.boxes2D.json"}}, {"predictions": {"_type": "boxes2D", "sha256": "8b628f6eba63b8c5ee682074f28a8307ee580017d24a3040ed796b777355b675", "size": 2772, "path": "media/metadata/boxes2D/BoundingBoxDebugger_299_8b628f6eba63b8c5ee68.boxes2D.json"}}, {"predictions": {"_type": "boxes2D", "sha256": "04b36057c1849ec7403dd05d743eef2fe702ed89d2cfa0fc79a80c6c560b9df8", "size": 4505, "path": "media/metadata/boxes2D/BoundingBoxDebugger_299_04b36057c1849ec7403d.boxes2D.json"}}]}, "Validation": {"_type": "images/separated", "width": 1920, "height": 1464, "format": "jpg", "count": 6, "filenames": ["media/images/Validation_300_ac5332e06bdfaf3fef2d.jpg", "media/images/Validation_300_e74ee5e6fcd97477ef24.jpg", "media/images/Validation_300_64507eb8e43e057fb6a0.jpg", "media/images/Validation_300_9e055322b40091ac78e2.jpg", "media/images/Validation_300_c45151e6f726f74e140d.jpg", "media/images/Validation_300_23283b6d9289d4c4c5f1.jpg"], "captions": ["val_batch0_labels.jpg", "val_batch0_pred.jpg", "val_batch1_labels.jpg", "val_batch1_pred.jpg", "val_batch2_labels.jpg", "val_batch2_pred.jpg"]}, "Results": {"_type": "images/separated", "width": 2400, "height": 1200, "format": "png", "count": 6, "filenames": ["media/images/Results_300_a33ce4cfa3beac2a7d15.png", "media/images/Results_300_13cd9c57c7a36e5eede0.png", "media/images/Results_300_e025e4e34d1fb8e4138b.png", "media/images/Results_300_0449ef2ea7fc182df664.png", "media/images/Results_300_12aec99db98e30bb0406.png", "media/images/Results_300_87321bfcc0e21ea6b306.png"], "captions": ["results.png", "confusion_matrix.png", "F1_curve.png", "PR_curve.png", "P_curve.png", "R_curve.png"]}, "_wandb": {"runtime": 1121}}