{"best/epoch": 293, "best/precision": 0.9775178556365768, "best/recall": 0.9816176470588235, "best/mAP_0.5": 0.9899072703395447, "best/mAP_0.5:0.95": 0.7706249834144823, "Labels": {"_type": "images/separated", "width": 1600, "height": 1600, "format": "jpg", "count": 2, "filenames": ["media/images/Labels_0_b0eda1ebcd75213e7ced.jpg", "media/images/Labels_0_005bc170cead9869e581.jpg"], "captions": ["labels.jpg", "labels_correlogram.jpg"]}, "Mosaics": {"_type": "images/separated", "width": 1920, "height": 1920, "format": "jpg", "count": 3, "filenames": ["media/images/Mosaics_0_06131009f3a2005420d6.jpg", "media/images/Mosaics_0_284d9bdc6a761d6bf1f4.jpg", "media/images/Mosaics_0_2ed967d487cc770e7c73.jpg"], "captions": ["train_batch0.jpg", "train_batch1.jpg", "train_batch2.jpg"]}, "train/box_loss": 0.0160751324146986, "train/obj_loss": 0.02148701623082161, "train/cls_loss": 0.0, "metrics/precision": 0.9775263532806322, "metrics/recall": 0.9816176470588235, "metrics/mAP_0.5": 0.989864351884609, "metrics/mAP_0.5:0.95": 0.7703071293622137, "val/box_loss": 0.01817099004983902, "val/obj_loss": 0.022361474111676216, "val/cls_loss": 0.0, "x/lr0": 0.00016600000000000043, "x/lr1": 0.00016600000000000043, "x/lr2": 0.00016600000000000043, "_timestamp": 1661241448, "_runtime": 1136, "_step": 300, "BoundingBoxDebugger": {"_type": "images/separated", "width": 672, "height": 512, "format": "png", "count": 16, "filenames": ["media/images/BoundingBoxDebugger_299_c324696807cf811d461f.png", "media/images/BoundingBoxDebugger_299_fde049ea41f1f581ce2b.png", "media/images/BoundingBoxDebugger_299_4a1073af0ee6feb55331.png", "media/images/BoundingBoxDebugger_299_3c2415edf8a72757654f.png", "media/images/BoundingBoxDebugger_299_0b02dd1f92c496e8e24a.png", "media/images/BoundingBoxDebugger_299_ee3de6c68793a01f6672.png", "media/images/BoundingBoxDebugger_299_ad061bd1fedcf215f822.png", "media/images/BoundingBoxDebugger_299_9660e41bcfc05e43c9fb.png", "media/images/BoundingBoxDebugger_299_3722c631b91514886502.png", "media/images/BoundingBoxDebugger_299_3d6ccf367c98a2b1a089.png", "media/images/BoundingBoxDebugger_299_d15548988fadaafeb276.png", "media/images/BoundingBoxDebugger_299_52de54f9d1ec5586ef9b.png", "media/images/BoundingBoxDebugger_299_b548efe1ae887f370e81.png", "media/images/BoundingBoxDebugger_299_dfff43e469cf3ff2d9d0.png", "media/images/BoundingBoxDebugger_299_f17f12ec9771574c35bd.png", "media/images/BoundingBoxDebugger_299_216bb2568b4f1ab0e617.png"], "captions": ["000154.jpg", "79.jpg", "000115.jpg", "000134.jpg", "25.jpg", "50.jpg", "000112.jpg", "38.jpg", "000188.jpg", "86.jpg", "91.jpg", "33.jpg", "5.jpg", "000168.jpg", "51.jpg", "41.jpg"], "all_boxes": [{"predictions": {"_type": "boxes2D", "sha256": "65428edddbb2c98c8b99dafab31c80a35ca9273ace066023ad98100b5eceb740", "size": 5449, "path": "media/metadata/boxes2D/BoundingBoxDebugger_299_65428edddbb2c98c8b99.boxes2D.json"}}, {"predictions": {"_type": "boxes2D", "sha256": "c2313adcf25676973e5f2d71d8899bc8484b32c7e3aef18e421f8bd7ac207f33", "size": 5266, "path": "media/metadata/boxes2D/BoundingBoxDebugger_299_c2313adcf25676973e5f.boxes2D.json"}}, {"predictions": {"_type": "boxes2D", "sha256": "7e1c2de6918391f05b46d5e4c7b7ced0b97eab4610c4ba5604f217a613758458", "size": 3181, "path": "media/metadata/boxes2D/BoundingBoxDebugger_299_7e1c2de6918391f05b46.boxes2D.json"}}, {"predictions": {"_type": "boxes2D", "sha256": "401d465230d808e9b664afcc1c36df513a50d31a658d8a0a4bb7d10d844a6b9c", "size": 2068, "path": "media/metadata/boxes2D/BoundingBoxDebugger_299_401d465230d808e9b664.boxes2D.json"}}, {"predictions": {"_type": "boxes2D", "sha256": "e2dd0301cd712cda94a8f728a216051fbd6b5a603e21567ca60964a29b277bfa", "size": 3201, "path": "media/metadata/boxes2D/BoundingBoxDebugger_299_e2dd0301cd712cda94a8.boxes2D.json"}}, {"predictions": {"_type": "boxes2D", "sha256": "d1deacd2d846957f3fab24245d0806910b4196ae362e72c4df8da57d8a5f681b", "size": 8031, "path": "media/metadata/boxes2D/BoundingBoxDebugger_299_d1deacd2d846957f3fab.boxes2D.json"}}, {"predictions": {"_type": "boxes2D", "sha256": "40bf136ea41ffe896ce71a0bd7b394778f31b9b3441df2c99e3b95dc5903e97f", "size": 5342, "path": "media/metadata/boxes2D/BoundingBoxDebugger_299_40bf136ea41ffe896ce7.boxes2D.json"}}, {"predictions": {"_type": "boxes2D", "sha256": "014f50ad556c32e5578a6e318e3929cc5861139c72a1374b46a5ea99c42f64eb", "size": 5393, "path": "media/metadata/boxes2D/BoundingBoxDebugger_299_014f50ad556c32e5578a.boxes2D.json"}}, {"predictions": {"_type": "boxes2D", "sha256": "83717b6f2499973ce64a4002dc02bd2a0d91b8601cc69c42ecc804eabeab91cb", "size": 2084, "path": "media/metadata/boxes2D/BoundingBoxDebugger_299_83717b6f2499973ce64a.boxes2D.json"}}, {"predictions": {"_type": "boxes2D", "sha256": "2b44933102ba53f4714bafd0033ee9b012ac0c06310f3e0efe6e7ca7a71449a0", "size": 3738, "path": "media/metadata/boxes2D/BoundingBoxDebugger_299_2b44933102ba53f4714b.boxes2D.json"}}, {"predictions": {"_type": "boxes2D", "sha256": "05bb45efc9bc91154677070b5db10296b8bb4a005b20e872d55f47c0eee8564e", "size": 3935, "path": "media/metadata/boxes2D/BoundingBoxDebugger_299_05bb45efc9bc91154677.boxes2D.json"}}, {"predictions": {"_type": "boxes2D", "sha256": "6f9bf5ccdfb59cf586c2606a4cc8c33f1a2e46189bf6b0d6f428319fd6d70894", "size": 2308, "path": "media/metadata/boxes2D/BoundingBoxDebugger_299_6f9bf5ccdfb59cf586c2.boxes2D.json"}}, {"predictions": {"_type": "boxes2D", "sha256": "742b74c8d6300c45c4a0295bbd7d11398f3e7fa7140d1efc5208535af21d371c", "size": 4527, "path": "media/metadata/boxes2D/BoundingBoxDebugger_299_742b74c8d6300c45c4a0.boxes2D.json"}}, {"predictions": {"_type": "boxes2D", "sha256": "a24595d50b207a564721ac0d3e6a8fab9b471c27db2f43c092fd28469fb91a89", "size": 4911, "path": "media/metadata/boxes2D/BoundingBoxDebugger_299_a24595d50b207a564721.boxes2D.json"}}, {"predictions": {"_type": "boxes2D", "sha256": "fabf85338a5403017845016ef04844ff20f1cd658e60425b7b68c8b017637740", "size": 3184, "path": "media/metadata/boxes2D/BoundingBoxDebugger_299_fabf85338a5403017845.boxes2D.json"}}, {"predictions": {"_type": "boxes2D", "sha256": "2bc7fc24291d9d2a578e946ad2850a619bc90c94e322c7d822edaaf929c52f76", "size": 5643, "path": "media/metadata/boxes2D/BoundingBoxDebugger_299_2bc7fc24291d9d2a578e.boxes2D.json"}}]}, "Validation": {"_type": "images/separated", "width": 1920, "height": 1464, "format": "jpg", "count": 6, "filenames": ["media/images/Validation_300_ac5332e06bdfaf3fef2d.jpg", "media/images/Validation_300_828effd7431c7479745a.jpg", "media/images/Validation_300_64507eb8e43e057fb6a0.jpg", "media/images/Validation_300_108114b26b229f7a2b2a.jpg", "media/images/Validation_300_c45151e6f726f74e140d.jpg", "media/images/Validation_300_be8d638694bf6fa1840b.jpg"], "captions": ["val_batch0_labels.jpg", "val_batch0_pred.jpg", "val_batch1_labels.jpg", "val_batch1_pred.jpg", "val_batch2_labels.jpg", "val_batch2_pred.jpg"]}, "Results": {"_type": "images/separated", "width": 2400, "height": 1200, "format": "png", "count": 6, "filenames": ["media/images/Results_300_daae92f99be8c6d72a99.png", "media/images/Results_300_b3b3845422642ec6c3be.png", "media/images/Results_300_e6b37cd12fcc00074c62.png", "media/images/Results_300_b621d7750612adc416ac.png", "media/images/Results_300_9001d92606236a006558.png", "media/images/Results_300_5f8cfada6e03036c12f9.png"], "captions": ["results.png", "confusion_matrix.png", "F1_curve.png", "PR_curve.png", "P_curve.png", "R_curve.png"]}, "_wandb": {"runtime": 1137}}