{"best/epoch": 232, "best/precision": 0.9752625494515419, "best/recall": 1.0, "best/mAP_0.5": 0.9807885763000854, "best/mAP_0.5:0.95": 0.6734929966907989, "Labels": {"_type": "images/separated", "width": 1600, "height": 1600, "format": "jpg", "count": 2, "filenames": ["media/images/Labels_0_43551254dc914cb6c754.jpg", "media/images/Labels_0_2fde66e720e04180bfca.jpg"], "captions": ["labels.jpg", "labels_correlogram.jpg"]}, "train/box_loss": 0.02399619109928608, "train/obj_loss": 0.030395029112696648, "train/cls_loss": 0.0, "metrics/precision": 0.9753776366707294, "metrics/recall": 1.0, "metrics/mAP_0.5": 0.9803653846153847, "metrics/mAP_0.5:0.95": 0.6720812507887467, "val/box_loss": 0.0233929306268692, "val/obj_loss": 0.023582089692354202, "val/cls_loss": 0.0, "x/lr0": 0.00016600000000000043, "x/lr1": 0.00016600000000000043, "x/lr2": 0.00016600000000000043, "_timestamp": 1659580449, "_runtime": 657, "_step": 300, "Mosaics": {"_type": "images/separated", "width": 1920, "height": 1920, "format": "jpg", "count": 3, "filenames": ["media/images/Mosaics_1_a89aa68d0abeb6a90a84.jpg", "media/images/Mosaics_1_38eb2822d6c0220591eb.jpg", "media/images/Mosaics_1_57dc5fc6969b74c0c10f.jpg"], "captions": ["train_batch0.jpg", "train_batch1.jpg", "train_batch2.jpg"]}, "BoundingBoxDebugger": {"_type": "images/separated", "width": 672, "height": 512, "format": "png", "count": 16, "filenames": ["media/images/BoundingBoxDebugger_299_4e3c3b6dbea488c24a97.png", "media/images/BoundingBoxDebugger_299_d797ee9289a003c68bda.png", "media/images/BoundingBoxDebugger_299_949b46cd76cb0d05b3c9.png", "media/images/BoundingBoxDebugger_299_c4093ba41656449d746e.png", "media/images/BoundingBoxDebugger_299_9c6d68bd05421f0b085e.png", "media/images/BoundingBoxDebugger_299_f5cba14482fe847bf570.png", "media/images/BoundingBoxDebugger_299_01062a1c56b95bc5527c.png", "media/images/BoundingBoxDebugger_299_2f482d7a7d05ded1c8b7.png", "media/images/BoundingBoxDebugger_299_133cbacb107c25ee2eac.png", "media/images/BoundingBoxDebugger_299_a0ec2351bca93f4e471f.png", "media/images/BoundingBoxDebugger_299_0f6ded946562868dd450.png", "media/images/BoundingBoxDebugger_299_2b4aa8fbf5970ee6ffe8.png", "media/images/BoundingBoxDebugger_299_8fc2cd69b07da571ee01.png", "media/images/BoundingBoxDebugger_299_925f793fd5b6e1ae2a1b.png", "media/images/BoundingBoxDebugger_299_cfaf6ccbb3a607ade98d.png", "media/images/BoundingBoxDebugger_299_07676437fdb3c26e3b35.png"], "captions": ["16.jpg", "84.jpg", "77.jpg", "20.jpg", "99.jpg", "82.jpg", "30.jpg", "42.jpg", "40.jpg", "74.jpg", "34.jpg", "52.jpg", "28.jpg", "46.jpg", "56.jpg", "83.jpg"], "all_boxes": [{"predictions": {"_type": "boxes2D", "sha256": "a1bb3af3374b3df6a5f6fcf41a6e21dbf6d8e23ff5aa1d586f7684c543d909a2", "size": 11618, "path": "media/metadata/boxes2D/BoundingBoxDebugger_299_a1bb3af3374b3df6a5f6.boxes2D.json"}}, {"predictions": {"_type": "boxes2D", "sha256": "831d10277352341c5d89082bb437d6887c939a55b11395c245610505d4ff3267", "size": 5497, "path": "media/metadata/boxes2D/BoundingBoxDebugger_299_831d10277352341c5d89.boxes2D.json"}}, {"predictions": {"_type": "boxes2D", "sha256": "1aa2906094fe2066e7746d3f93d093a2ebf87c6b154833ecbc1e70cb86f20363", "size": 13821, "path": "media/metadata/boxes2D/BoundingBoxDebugger_299_1aa2906094fe2066e774.boxes2D.json"}}, {"predictions": {"_type": "boxes2D", "sha256": "4661e78862e4aefafd11634cc4d9bbdb623539a78a1ff299d21e98cceb3f3315", "size": 12330, "path": "media/metadata/boxes2D/BoundingBoxDebugger_299_4661e78862e4aefafd11.boxes2D.json"}}, {"predictions": {"_type": "boxes2D", "sha256": "0c0781c6a67ff915c45a51d97d1f3ac9baf19051bdfc19d35c3af54364b894fa", "size": 10811, "path": "media/metadata/boxes2D/BoundingBoxDebugger_299_0c0781c6a67ff915c45a.boxes2D.json"}}, {"predictions": {"_type": "boxes2D", "sha256": "e34484d5813e1dec333e29eedd7a916c496e923d82eddfc7f923fda7366a6db9", "size": 10774, "path": "media/metadata/boxes2D/BoundingBoxDebugger_299_e34484d5813e1dec333e.boxes2D.json"}}, {"predictions": {"_type": "boxes2D", "sha256": "8f3aba3064974c87e8ab5a2c4ee6a5b3a39ae8c6dc428cd6c99cc2cfb8d3499d", "size": 21667, "path": "media/metadata/boxes2D/BoundingBoxDebugger_299_8f3aba3064974c87e8ab.boxes2D.json"}}, {"predictions": {"_type": "boxes2D", "sha256": "6c5d47caa14dbae93d99a769f65a24c4fec5c52c120b5c178e61a64f1a18efe5", "size": 19318, "path": "media/metadata/boxes2D/BoundingBoxDebugger_299_6c5d47caa14dbae93d99.boxes2D.json"}}, {"predictions": {"_type": "boxes2D", "sha256": "550c537d98f9df08df1bd257db5474dce52386898c6b204421c1e767e75d0887", "size": 9773, "path": "media/metadata/boxes2D/BoundingBoxDebugger_299_550c537d98f9df08df1b.boxes2D.json"}}, {"predictions": {"_type": "boxes2D", "sha256": "1d4fa4803703ac47882abf1a451d46ec57a80422c2b70d7ff35e468d0883c43d", "size": 9013, "path": "media/metadata/boxes2D/BoundingBoxDebugger_299_1d4fa4803703ac47882a.boxes2D.json"}}, {"predictions": {"_type": "boxes2D", "sha256": "5c1e5af5ac7e329ca86d0fe0ede6a630091fb68d9dbbebffa9f76e05bc772fba", "size": 11307, "path": "media/metadata/boxes2D/BoundingBoxDebugger_299_5c1e5af5ac7e329ca86d.boxes2D.json"}}, {"predictions": {"_type": "boxes2D", "sha256": "df062ee484d22d4660f77bfb303fe757dce51fa21b7245503de8deeff1cfe492", "size": 15251, "path": "media/metadata/boxes2D/BoundingBoxDebugger_299_df062ee484d22d4660f7.boxes2D.json"}}, {"predictions": {"_type": "boxes2D", "sha256": "4b4a08c8d1d1fa7a9b03e76c4a3c851fbceaacd37b9192b8250be2383d0c719d", "size": 12306, "path": "media/metadata/boxes2D/BoundingBoxDebugger_299_4b4a08c8d1d1fa7a9b03.boxes2D.json"}}, {"predictions": {"_type": "boxes2D", "sha256": "06f2916d03163e7cca66da7b9a06da8485cd416129dad3fea914c78d90883c2d", "size": 16247, "path": "media/metadata/boxes2D/BoundingBoxDebugger_299_06f2916d03163e7cca66.boxes2D.json"}}, {"predictions": {"_type": "boxes2D", "sha256": "1e0d345f4334f495bfdeebc7fb38276d28e2037f7b283aec7c98c44ff5fb5c09", "size": 15358, "path": "media/metadata/boxes2D/BoundingBoxDebugger_299_1e0d345f4334f495bfde.boxes2D.json"}}, {"predictions": {"_type": "boxes2D", "sha256": "3c63caac143ec154cf3369ab1390f16cf92d4c09bcb68b82b8e218667fa859a2", "size": 10159, "path": "media/metadata/boxes2D/BoundingBoxDebugger_299_3c63caac143ec154cf33.boxes2D.json"}}]}, "Validation": {"_type": "images/separated", "width": 1920, "height": 1464, "format": "jpg", "count": 4, "filenames": ["media/images/Validation_300_a96f2bf9ef3eb4bc71d1.jpg", "media/images/Validation_300_e18c46838ac9282eaf50.jpg", "media/images/Validation_300_2854d097617305a0ea47.jpg", "media/images/Validation_300_e5c8b9a97517bf45f119.jpg"], "captions": ["val_batch0_labels.jpg", "val_batch0_pred.jpg", "val_batch1_labels.jpg", "val_batch1_pred.jpg"]}, "Results": {"_type": "images/separated", "width": 2400, "height": 1200, "format": "png", "count": 6, "filenames": ["media/images/Results_300_20a37f069e232ae8f11e.png", "media/images/Results_300_a5deb51b45a2f757ed6a.png", "media/images/Results_300_ed4e8ab03fdc0e65e128.png", "media/images/Results_300_20af537a5e91be8ce73f.png", "media/images/Results_300_8b9b76b2d6843e8e7fe9.png", "media/images/Results_300_bc5821e01c58892c3fa5.png"], "captions": ["results.png", "confusion_matrix.png", "F1_curve.png", "PR_curve.png", "P_curve.png", "R_curve.png"]}, "_wandb": {"runtime": 657}}