{"best/epoch": 4, "best/precision": 0.00045454545454545455, "best/recall": 0.022556390977443608, "best/mAP_0.5": 0.00023267780608904757, "best/mAP_0.5:0.95": 4.6618766135867244e-05, "Labels": {"_type": "images/separated", "width": 1600, "height": 1600, "format": "jpg", "count": 2, "filenames": ["media/images/Labels_0_43551254dc914cb6c754.jpg", "media/images/Labels_0_2fde66e720e04180bfca.jpg"], "captions": ["labels.jpg", "labels_correlogram.jpg"]}, "train/box_loss": 0.11373676359653473, "train/obj_loss": 0.06879688054323196, "train/cls_loss": 0.0, "metrics/precision": 0.00045454545454545455, "metrics/recall": 0.022556390977443608, "metrics/mAP_0.5": 0.00023267780608904757, "metrics/mAP_0.5:0.95": 4.6618766135867244e-05, "val/box_loss": 0.10475898534059525, "val/obj_loss": 0.07590436190366745, "val/cls_loss": 0.0, "x/lr0": 0.052019199999999995, "x/lr1": 0.0010191999999999998, "x/lr2": 0.0010191999999999998, "BoundingBoxDebugger": {"_type": "images/separated", "width": 672, "height": 512, "format": "png", "count": 16, "filenames": ["media/images/BoundingBoxDebugger_4_4e3c3b6dbea488c24a97.png", "media/images/BoundingBoxDebugger_4_d797ee9289a003c68bda.png", "media/images/BoundingBoxDebugger_4_949b46cd76cb0d05b3c9.png", "media/images/BoundingBoxDebugger_4_c4093ba41656449d746e.png", "media/images/BoundingBoxDebugger_4_9c6d68bd05421f0b085e.png", "media/images/BoundingBoxDebugger_4_f5cba14482fe847bf570.png", "media/images/BoundingBoxDebugger_4_01062a1c56b95bc5527c.png", "media/images/BoundingBoxDebugger_4_2f482d7a7d05ded1c8b7.png", "media/images/BoundingBoxDebugger_4_133cbacb107c25ee2eac.png", "media/images/BoundingBoxDebugger_4_a0ec2351bca93f4e471f.png", "media/images/BoundingBoxDebugger_4_0f6ded946562868dd450.png", "media/images/BoundingBoxDebugger_4_2b4aa8fbf5970ee6ffe8.png", "media/images/BoundingBoxDebugger_4_8fc2cd69b07da571ee01.png", "media/images/BoundingBoxDebugger_4_925f793fd5b6e1ae2a1b.png", "media/images/BoundingBoxDebugger_4_cfaf6ccbb3a607ade98d.png", "media/images/BoundingBoxDebugger_4_07676437fdb3c26e3b35.png"], "captions": ["16.jpg", "84.jpg", "77.jpg", "20.jpg", "99.jpg", "82.jpg", "30.jpg", "42.jpg", "40.jpg", "74.jpg", "34.jpg", "52.jpg", "28.jpg", "46.jpg", "56.jpg", "83.jpg"], "all_boxes": [{"predictions": {"_type": "boxes2D", "sha256": "5c043e7d1d7c8fb1bc2d75905da1c442a5e623dd994de0a07c9da4bd8b32d482", "size": 55977, "path": "media/metadata/boxes2D/BoundingBoxDebugger_4_5c043e7d1d7c8fb1bc2d.boxes2D.json"}}, {"predictions": {"_type": "boxes2D", "sha256": "49ab61dc6c1b4b961b220d8c0b796a19e7da2c12f554d695861019b2d7e12f68", "size": 55973, "path": "media/metadata/boxes2D/BoundingBoxDebugger_4_49ab61dc6c1b4b961b22.boxes2D.json"}}, {"predictions": {"_type": "boxes2D", "sha256": "78fba1af77af991be6dda0e9588594c852792e28f2c1ad65ef2b2166ce6a2ba4", "size": 55974, "path": "media/metadata/boxes2D/BoundingBoxDebugger_4_78fba1af77af991be6dd.boxes2D.json"}}, {"predictions": {"_type": "boxes2D", "sha256": "d4604112fbee60d5683ce447fc61339b21c58f9d7889f920198a9d6534792e49", "size": 55976, "path": "media/metadata/boxes2D/BoundingBoxDebugger_4_d4604112fbee60d5683c.boxes2D.json"}}, {"predictions": {"_type": "boxes2D", "sha256": "8499495f67998f1ea4997ab2947ddc90e907a052b0bf166f8d804e109296e9a3", "size": 55976, "path": "media/metadata/boxes2D/BoundingBoxDebugger_4_8499495f67998f1ea499.boxes2D.json"}}, {"predictions": {"_type": "boxes2D", "sha256": "b9f18adc47b2bc1bb76e9e5e17d986a8d5a1777ced1a5f3881cd3414a4887820", "size": 55982, "path": "media/metadata/boxes2D/BoundingBoxDebugger_4_b9f18adc47b2bc1bb76e.boxes2D.json"}}, {"predictions": {"_type": "boxes2D", "sha256": "3b6f3da5f0dfbfd429c64623a2bc969fda4c5ca84c44f066bac511b39f938b7b", "size": 55978, "path": "media/metadata/boxes2D/BoundingBoxDebugger_4_3b6f3da5f0dfbfd429c6.boxes2D.json"}}, {"predictions": {"_type": "boxes2D", "sha256": "36d1d389e9335b2952ba3065c34cfac1d0fde5b40b4775682b3901c3a1579bdd", "size": 55978, "path": "media/metadata/boxes2D/BoundingBoxDebugger_4_36d1d389e9335b2952ba.boxes2D.json"}}, {"predictions": {"_type": "boxes2D", "sha256": "ac68f7658902d3887714ef7a7027474fed2864d28a1ad1988af3ea662b705f95", "size": 55978, "path": "media/metadata/boxes2D/BoundingBoxDebugger_4_ac68f7658902d3887714.boxes2D.json"}}, {"predictions": {"_type": "boxes2D", "sha256": "1df59e202f561b0789f694efc54617deacefee1ed27ca42c614d29d3937eadf6", "size": 55974, "path": "media/metadata/boxes2D/BoundingBoxDebugger_4_1df59e202f561b0789f6.boxes2D.json"}}, {"predictions": {"_type": "boxes2D", "sha256": "ffb52321960121fcb24fc9b85b4d54dd01f6f57f20be3b69d4b2ab3567f44943", "size": 55976, "path": "media/metadata/boxes2D/BoundingBoxDebugger_4_ffb52321960121fcb24f.boxes2D.json"}}, {"predictions": {"_type": "boxes2D", "sha256": "46ec61865a5944623db18dd2ce8df210e450ebb94d79535c60704dfa9f4d4197", "size": 55978, "path": "media/metadata/boxes2D/BoundingBoxDebugger_4_46ec61865a5944623db1.boxes2D.json"}}, {"predictions": {"_type": "boxes2D", "sha256": "ec57b0b5703826d6607405e9a28553df135e67c0ac4d927a20203a043d625f0f", "size": 55981, "path": "media/metadata/boxes2D/BoundingBoxDebugger_4_ec57b0b5703826d66074.boxes2D.json"}}, {"predictions": {"_type": "boxes2D", "sha256": "39766ab98fd4ef3566909b6bc169bc42bc5ddcdc07b74c7c9c3f485a300fd0f9", "size": 55978, "path": "media/metadata/boxes2D/BoundingBoxDebugger_4_39766ab98fd4ef356690.boxes2D.json"}}, {"predictions": {"_type": "boxes2D", "sha256": "ddad05720e236d9484e84bd09a4c39b04a78386c39216a156342c960f7fbf817", "size": 55975, "path": "media/metadata/boxes2D/BoundingBoxDebugger_4_ddad05720e236d9484e8.boxes2D.json"}}, {"predictions": {"_type": "boxes2D", "sha256": "543680f771af502c3331e3cbdbe49f9ba1912e1e84b261179f01ba0649d2a6e1", "size": 55979, "path": "media/metadata/boxes2D/BoundingBoxDebugger_4_543680f771af502c3331.boxes2D.json"}}]}, "_timestamp": 1661224024, "_runtime": 43, "_step": 5, "Mosaics": {"_type": "images/separated", "width": 1920, "height": 1920, "format": "jpg", "count": 3, "filenames": ["media/images/Mosaics_1_d8e93b8636c3b507c84a.jpg", "media/images/Mosaics_1_a73d8330dd532c1f970d.jpg", "media/images/Mosaics_1_708d59e73ae3eaf384da.jpg"], "captions": ["train_batch0.jpg", "train_batch1.jpg", "train_batch2.jpg"]}, "Validation": {"_type": "images/separated", "width": 1920, "height": 1464, "format": "jpg", "count": 4, "filenames": ["media/images/Validation_5_a96f2bf9ef3eb4bc71d1.jpg", "media/images/Validation_5_d02be281decb2f9a783d.jpg", "media/images/Validation_5_2854d097617305a0ea47.jpg", "media/images/Validation_5_0beb9f8491d26641eb0f.jpg"], "captions": ["val_batch0_labels.jpg", "val_batch0_pred.jpg", "val_batch1_labels.jpg", "val_batch1_pred.jpg"]}, "Results": {"_type": "images/separated", "width": 2400, "height": 1200, "format": "png", "count": 6, "filenames": ["media/images/Results_5_8a69248c312ae0be75d2.png", "media/images/Results_5_9294dc537fa7700dfcbb.png", "media/images/Results_5_b5b3a648e830ad365e73.png", "media/images/Results_5_a68910066db4f8ce1d04.png", "media/images/Results_5_e0f4623c66216b192e6f.png", "media/images/Results_5_87ea01a6994d7d57dbef.png"], "captions": ["results.png", "confusion_matrix.png", "F1_curve.png", "PR_curve.png", "P_curve.png", "R_curve.png"]}, "_wandb": {"runtime": 43}}