{"best/epoch": 293, "best/precision": 0.962129009124534, "best/recall": 0.9774436090225563, "best/mAP_0.5": 0.9870439965407309, "best/mAP_0.5:0.95": 0.6129640632304483, "Labels": {"_type": "images/separated", "width": 1600, "height": 1600, "format": "jpg", "count": 2, "filenames": ["media/images/Labels_0_43551254dc914cb6c754.jpg", "media/images/Labels_0_2fde66e720e04180bfca.jpg"], "captions": ["labels.jpg", "labels_correlogram.jpg"]}, "train/box_loss": 0.03132088854908943, "train/obj_loss": 0.035085465759038925, "train/cls_loss": 0.0, "metrics/precision": 0.9622145797571827, "metrics/recall": 0.9774436090225563, "metrics/mAP_0.5": 0.98702190522998, "metrics/mAP_0.5:0.95": 0.6129749260198516, "val/box_loss": 0.026532873511314392, "val/obj_loss": 0.028784766793251038, "val/cls_loss": 0.0, "x/lr0": 0.00016600000000000043, "x/lr1": 0.00016600000000000043, "x/lr2": 0.00016600000000000043, "_timestamp": 1661243007, "_runtime": 734, "_step": 300, "Mosaics": {"_type": "images/separated", "width": 1920, "height": 1920, "format": "jpg", "count": 3, "filenames": ["media/images/Mosaics_1_b92bbeb94db75cc6c701.jpg", "media/images/Mosaics_1_467965d3ec08f53cb4bb.jpg", "media/images/Mosaics_1_c41fb6df579701aef29b.jpg"], "captions": ["train_batch0.jpg", "train_batch1.jpg", "train_batch2.jpg"]}, "BoundingBoxDebugger": {"_type": "images/separated", "width": 672, "height": 512, "format": "png", "count": 16, "filenames": ["media/images/BoundingBoxDebugger_299_4e3c3b6dbea488c24a97.png", "media/images/BoundingBoxDebugger_299_d797ee9289a003c68bda.png", "media/images/BoundingBoxDebugger_299_949b46cd76cb0d05b3c9.png", "media/images/BoundingBoxDebugger_299_c4093ba41656449d746e.png", "media/images/BoundingBoxDebugger_299_9c6d68bd05421f0b085e.png", "media/images/BoundingBoxDebugger_299_f5cba14482fe847bf570.png", "media/images/BoundingBoxDebugger_299_01062a1c56b95bc5527c.png", "media/images/BoundingBoxDebugger_299_2f482d7a7d05ded1c8b7.png", "media/images/BoundingBoxDebugger_299_133cbacb107c25ee2eac.png", "media/images/BoundingBoxDebugger_299_a0ec2351bca93f4e471f.png", "media/images/BoundingBoxDebugger_299_0f6ded946562868dd450.png", "media/images/BoundingBoxDebugger_299_2b4aa8fbf5970ee6ffe8.png", "media/images/BoundingBoxDebugger_299_8fc2cd69b07da571ee01.png", "media/images/BoundingBoxDebugger_299_925f793fd5b6e1ae2a1b.png", "media/images/BoundingBoxDebugger_299_cfaf6ccbb3a607ade98d.png", "media/images/BoundingBoxDebugger_299_07676437fdb3c26e3b35.png"], "captions": ["16.jpg", "84.jpg", "77.jpg", "20.jpg", "99.jpg", "82.jpg", "30.jpg", "42.jpg", "40.jpg", "74.jpg", "34.jpg", "52.jpg", "28.jpg", "46.jpg", "56.jpg", "83.jpg"], "all_boxes": [{"predictions": {"_type": "boxes2D", "sha256": "dcba207065f4d76f55373f57860c3de66960010f3246b2a9241d036b09e747ff", "size": 33712, "path": "media/metadata/boxes2D/BoundingBoxDebugger_299_dcba207065f4d76f5537.boxes2D.json"}}, {"predictions": {"_type": "boxes2D", "sha256": "780b4d1d3cb9d5656fdf0e0bafe77b4602fdb982b2d7e95f92a0e02b732718cd", "size": 30589, "path": "media/metadata/boxes2D/BoundingBoxDebugger_299_780b4d1d3cb9d5656fdf.boxes2D.json"}}, {"predictions": {"_type": "boxes2D", "sha256": "f0ccf6b7d4f66499ca69a96ac0d2c487a13465d9f6de92b707ac5f5e61d4f7da", "size": 32533, "path": "media/metadata/boxes2D/BoundingBoxDebugger_299_f0ccf6b7d4f66499ca69.boxes2D.json"}}, {"predictions": {"_type": "boxes2D", "sha256": "305cc1af03d142c496946f55f9e2f12ece7569cedda86b4095fb508df19d45c9", "size": 56861, "path": "media/metadata/boxes2D/BoundingBoxDebugger_299_305cc1af03d142c49694.boxes2D.json"}}, {"predictions": {"_type": "boxes2D", "sha256": "3af8fbbdaf9007347afc17384aa2b8327375a0c5b9341110cd18e4a53d05a054", "size": 57007, "path": "media/metadata/boxes2D/BoundingBoxDebugger_299_3af8fbbdaf9007347afc.boxes2D.json"}}, {"predictions": {"_type": "boxes2D", "sha256": "cff9782db554df2de92ad542839a27b470b8ec2f61ece1dda42ab8143659de8c", "size": 35887, "path": "media/metadata/boxes2D/BoundingBoxDebugger_299_cff9782db554df2de92a.boxes2D.json"}}, {"predictions": {"_type": "boxes2D", "sha256": "0dcf2eb18fd6d0372b728e55be83162c6f06d70101316b51dbd38cfc0fa97311", "size": 56785, "path": "media/metadata/boxes2D/BoundingBoxDebugger_299_0dcf2eb18fd6d0372b72.boxes2D.json"}}, {"predictions": {"_type": "boxes2D", "sha256": "efe37bcc1a0ea80661da990c20b86102b62cb574cfd3407479a17152bb6f0cc7", "size": 56645, "path": "media/metadata/boxes2D/BoundingBoxDebugger_299_efe37bcc1a0ea80661da.boxes2D.json"}}, {"predictions": {"_type": "boxes2D", "sha256": "7e72564e2cfc8ee6edfa8aaf393cdcd2b6c46a2d1134c9bd8995433a6f167ab3", "size": 29096, "path": "media/metadata/boxes2D/BoundingBoxDebugger_299_7e72564e2cfc8ee6edfa.boxes2D.json"}}, {"predictions": {"_type": "boxes2D", "sha256": "413beda5ed872cff4c21bf24e8040e08e3864b0c3fd116cbc53672bdf6e6cce0", "size": 36038, "path": "media/metadata/boxes2D/BoundingBoxDebugger_299_413beda5ed872cff4c21.boxes2D.json"}}, {"predictions": {"_type": "boxes2D", "sha256": "e9d970ab0bf734f3325e436a6432f0a4595f3bcd8950a2769646f12af6697af6", "size": 46338, "path": "media/metadata/boxes2D/BoundingBoxDebugger_299_e9d970ab0bf734f3325e.boxes2D.json"}}, {"predictions": {"_type": "boxes2D", "sha256": "dce119306ad0fdd5fe9216fcb7c61320cf386ff32ad200590566938d929540e0", "size": 34428, "path": "media/metadata/boxes2D/BoundingBoxDebugger_299_dce119306ad0fdd5fe92.boxes2D.json"}}, {"predictions": {"_type": "boxes2D", "sha256": "efee464e49eed756d801909ef792a5f58d909b8b30e42bdfbf756f4f84d19f4b", "size": 34408, "path": "media/metadata/boxes2D/BoundingBoxDebugger_299_efee464e49eed756d801.boxes2D.json"}}, {"predictions": {"_type": "boxes2D", "sha256": "f41e6c6c321dbaf89659b35e97f98648e2e095dda836b1089feb1873e22f30a2", "size": 56741, "path": "media/metadata/boxes2D/BoundingBoxDebugger_299_f41e6c6c321dbaf89659.boxes2D.json"}}, {"predictions": {"_type": "boxes2D", "sha256": "7f7fc70fd288e6c20e348e9bd54aad9901befa4804e4b757d45b482a5f04f947", "size": 40599, "path": "media/metadata/boxes2D/BoundingBoxDebugger_299_7f7fc70fd288e6c20e34.boxes2D.json"}}, {"predictions": {"_type": "boxes2D", "sha256": "73cccbfc00fb13e82407c466b1ad5bc70c9191bc5d686b83c58389c4e542acb2", "size": 26416, "path": "media/metadata/boxes2D/BoundingBoxDebugger_299_73cccbfc00fb13e82407.boxes2D.json"}}]}, "Validation": {"_type": "images/separated", "width": 1920, "height": 1464, "format": "jpg", "count": 4, "filenames": ["media/images/Validation_300_a96f2bf9ef3eb4bc71d1.jpg", "media/images/Validation_300_a137808cf08f311d2aff.jpg", "media/images/Validation_300_2854d097617305a0ea47.jpg", "media/images/Validation_300_70a1af079e2ca8770e99.jpg"], "captions": ["val_batch0_labels.jpg", "val_batch0_pred.jpg", "val_batch1_labels.jpg", "val_batch1_pred.jpg"]}, "Results": {"_type": "images/separated", "width": 2400, "height": 1200, "format": "png", "count": 6, "filenames": ["media/images/Results_300_174854e850130645dd05.png", "media/images/Results_300_c000f07bbaf119f196b5.png", "media/images/Results_300_45090ed50bf90699c91f.png", "media/images/Results_300_244da58a948af5868916.png", "media/images/Results_300_b999b2daf5f4a9a15e18.png", "media/images/Results_300_9c72e6b2198ef0e727c7.png"], "captions": ["results.png", "confusion_matrix.png", "F1_curve.png", "PR_curve.png", "P_curve.png", "R_curve.png"]}, "_wandb": {"runtime": 735}}