{"best/epoch": 6, "best/precision": 0.16440650974549278, "best/recall": 0.21804511278195488, "best/mAP_0.5": 0.09851548210388666, "best/mAP_0.5:0.95": 0.01948058039853582, "Labels": {"_type": "images/separated", "width": 1600, "height": 1600, "format": "jpg", "count": 2, "filenames": ["media/images/Labels_0_43551254dc914cb6c754.jpg", "media/images/Labels_0_2fde66e720e04180bfca.jpg"], "captions": ["labels.jpg", "labels_correlogram.jpg"]}, "train/box_loss": 0.1036858931183815, "train/obj_loss": 0.07064890116453171, "train/cls_loss": 0.0, "metrics/precision": 0.16440650974549278, "metrics/recall": 0.21804511278195488, "metrics/mAP_0.5": 0.09851548210388666, "metrics/mAP_0.5:0.95": 0.01948058039853582, "val/box_loss": 0.09963449835777283, "val/obj_loss": 0.06610436737537384, "val/cls_loss": 0.0, "x/lr0": 0.037763380000000006, "x/lr1": 0.00676338, "x/lr2": 0.00676338, "_timestamp": 1661242188, "_runtime": 29, "_step": 6, "Mosaics": {"_type": "images/separated", "width": 1920, "height": 1920, "format": "jpg", "count": 3, "filenames": ["media/images/Mosaics_1_989ea13d26d0a8f28e9f.jpg", "media/images/Mosaics_1_1bc7fd5bc05ee66d5b85.jpg", "media/images/Mosaics_1_4489d4dab0b33014586a.jpg"], "captions": ["train_batch0.jpg", "train_batch1.jpg", "train_batch2.jpg"]}}